Workbook

Sheet 使い方
A1: 厨房食数管理 入力用Excelテンプレート（試作版）
A3: ■ このファイルの役割
A4: このファイルに入力した内容を、管理者画面から「アップロード」すると、厨房タブレットの食数表に反映されます。
A5: 印刷は行いません。今まで通りの「欠食が出たら記入する」感覚で使えるよう設計しています。
A7: ■ シートの説明
A8: ・プレビュー 選んだ日付の厨房タブレット表示を簡易的に再現（GHの標準喫食ルールは含みません）
A9: ・月次集計 月初の食単価清算用。対象月の朝昼夕それぞれの合計食数を自動集計（GHの標準喫食ルールを含む正式な集計）
A10: ・食数記録 欠食者・臨時喫食者が出るたびに1行追加してください。
A11: ・職員食来客記録 職員食や来客が出た日だけ、日付と人数を1行追加してください。
A12: ・利用者名簿 新しく入所・退所した方がいたら、この表を更新してください。
A13: ・区分マスタ プルダウンの元データです。通常は触る必要はありません。
A15: ■ 入力のルール
... A23: 利用者名簿シートで該当欄に○をつけると、プレビュー画面の氏名の横に「(ダ)」のように自動で表示されます。

Sheet プレビュー
A1: 厨房タブレット 簡易プレビュー
A3: 表示する日付 | C3: 46247
A4: ※これは簡易プレビューです。「食数記録」シートに実際に入力された欠食・臨時喫食の登録内容のみを集計します。
A5: GH利用者の「平日昼は基本的に喫食」という標準ルールはここでは自動適用されません（本番のWebアプリ側の計算ロジックであり、このExcelプレビューには含まれません）。
B7: 朝食 | D7: 昼食 | F7: 夕食
A8: 男性入所 | B8: =COUNTIFS(利用者名簿!$B:$B,"男性入所",利用者名簿!$G:$G,"在籍")-COUNTIFS(食数記録!$A:$A,$C$3,食数記録!$B:$B,"朝",食数記録!$F:$F,"男性入所",食数記録!$D:$D,"欠食") -> 1 | D8: =COUNTIFS(利用者名簿!$B:$B,"男性入所",利用者名簿!$G:$G,"在籍")-COUNTIFS(食数記録!$A:$A,$C$3,食数記録!$B:$B,"昼",食数記録!$F:$F,"男性入所",食数記録!$D:$D,"欠食") -> 0 | F8: =COUNTIFS(利用者名簿!$B:$B,"男性入所",利用者名簿!$G:$G,"在籍")-COUNTIFS(食数記録!$A:$A,$C$3,食数記録!$B:$B,"夕",食数記録!$F:$F,"男性入所",食数記録!$D:$D,"欠食") -> 1
B9: =IFERROR(IF(INDEX(食数記録!$C:$C,MATCH(1,内部計算!$C:$C,0))="","",INDEX(食数記録!$C:$C,MATCH(1,内部計算!$C:$C,0))&IF(IFERROR(VLOOKUP(INDEX(食数記録!$C:$C,MATCH(1,内部計算!$C:$C,0)),利用者名簿!$A:$I,9,0),"")<>"","("&VLOOKUP(INDEX(食数記録!$C:$C,MATCH(1,内部計算!$C:$C,0)),利用者名簿!$A:$I,9,0)&")","")),"") | D9: =IFERROR(IF(INDEX(食数記録!$C:$C,MATCH(1,内部計算!$E:$E,0))="","",INDEX(食数記録!$C:$C,MATCH(1,内部計算!$E:$E,0))&IF(IFERROR(VLOOKUP(INDEX(食数記録!$C:$C,MATCH(1,内部計算!$E:$E,0)),利用者名簿!$A:$I,9,0),"")<>"","("&VLOOKUP(INDEX(食数記録!$C:$C,MATCH(1,内部計算!$E:$E,0)),利用者名簿!$A:$I,9,0)&")","")),"") -> 山田 太郎 | F9: =IFERROR(IF(INDEX(食数記録!$C:$C,MATCH(1,内部計算!$G:$G,0))="","",INDEX(食数記録!$C:$C,MATCH(1,内部計算!$G:$G,0))&IF(IFERROR(VLOOKUP(INDEX(食数記録!$C:$C,MATCH(1,内部計算!$G:$G,0)),利用者名簿!$A:$I,9,0),"")<>"","("&VLOOKUP(INDEX(食数記録!$C:$C,MATCH(1,内部計算!$G:$G,0)),利用者名簿!$A:$I,9,0)&")","")),"")
B10: =IFERROR(IF(INDEX(食数記録!$C:$C,MATCH(2,内部計算!$C:$C,0))="","",INDEX(食数記録!$C:$C,MATCH(2,内部計算!$C:$C,0))&IF(IFERROR(VLOOKUP(INDEX(食数記録!$C:$C,MATCH(2,内部計算!$C:$C,0)),利用者名簿!$A:$I,9,0),"")<>"","("&VLOOKUP(INDEX(食数記録!$C:$C,MATCH(2,内部計算!$C:$C,0)),利用者名簿!$A:$I,9,0)&")","")),"") | D10: =IFERROR(IF(INDEX(食数記録!$C:$C,MATCH(2,内部計算!$E:$E,0))="","",INDEX(食数記録!$C:$C,MATCH(2,内部計算!$E:$E,0))&IF(IFERROR(VLOOKUP(INDEX(食数記録!$C:$C,MATCH(2,内部計算!$E:$E,0)),利用者名簿!$A:$I,9,0),"")<>"","("&VLOOKUP(INDEX(食数記録!$C:$C,MATCH(2,内部計算!$E:$E,0)),利用者名簿!$A:$I,9,0)&")","")),"") | F10: =IFERROR(IF(INDEX(食数記録!$C:$C,MATCH(2,内部計算!$G:$G,0))="","",INDEX(食数記録!$C:$C,MATCH(2,内部計算!$G:$G,0))&IF(IFERROR(VLOOKUP(INDEX(食数記録!$C:$C,MATCH(2,内部計算!$G:$G,0)),利用者名簿!$A:$I,9,0),"")<>"","("&VLOOKUP(INDEX(食数記録!$C:$C,MATCH(2,内部計算!$G:$G,0)),利用者名簿!$A:$I,9,0)&")","")),"")
B11: =IFERROR(IF(INDEX(食数記録!$C:$C,MATCH(3,内部計算!$C:$C,0))="","",INDEX(食数記録!$C:$C,MATCH(3,内部計算!$C:$C,0))&IF(IFERROR(VLOOKUP(INDEX(食数記録!$C:$C,MATCH(3,内部計算!$C:$C,0)),利用者名簿!$A:$I,9,0),"")<>"","("&VLOOKUP(INDEX(食数記録!$C:$C,MATCH(3,内部計算!$C:$C,0)),利用者名簿!$A:$I,9,0)&")","")),"") | D11: =IFERROR(IF(INDEX(食数記録!$C:$C,MATCH(3,内部計算!$E:$E,0))="","",INDEX(食数記録!$C:$C,MATCH(3,内部計算!$E:$E,0))&IF(IFERROR(VLOOKUP(INDEX(食数記録!$C:$C,MATCH(3,内部計算!$E:$E,0)),利用者名簿!$A:$I,9,0),"")<>"","("&VLOOKUP(INDEX(食数記録!$C:$C,MATCH(3,内部計算!$E:$E,0)),利用者名簿!$A:$I,9,0)&")","")),"") | F11: =IFERROR(IF(INDEX(食数記録!$C:$C,MATCH(3,内部計算!$G:$G,0))="","",INDEX(食数記録!$C:$C,MATCH(3,内部計算!$G:$G,0))&IF(IFERROR(VLOOKUP(INDEX(食数記録!$C:$C,MATCH(3,内部計算!$G:$G,0)),利用者名簿!$A:$I,9,0),"")<>"","("&VLOOKUP(INDEX(食数記録!$C:$C,MATCH(3,内部計算!$G:$G,0)),利用者名簿!$A:$I,9,0)&")","")),"")
B12: =IFERROR(IF(INDEX(食数記録!$C:$C,MATCH(4,内部計算!$C:$C,0))="","",INDEX(食数記録!$C:$C,MATCH(4,内部計算!$C:$C,0))&IF(IFERROR(VLOOKUP(INDEX(食数記録!$C:$C,MATCH(4,内部計算!$C:$C,0)),利用者名簿!$A:$I,9,0),"")<>"","("&VLOOKUP(INDEX(食数記録!$C:$C,MATCH(4,内部計算!$C:$C,0)),利用者名簿!$A:$I,9,0)&")","")),"") | D12: =IFERROR(IF(INDEX(食数記録!$C:$C,MATCH(4,内部計算!$E:$E,0))="","",INDEX(食数記録!$C:$C,MATCH(4,内部計算!$E:$E,0))&IF(IFERROR(VLOOKUP(INDEX(食数記録!$C:$C,MATCH(4,内部計算!$E:$E,0)),利用者名簿!$A:$I,9,0),"")<>"","("&VLOOKUP(INDEX(食数記録!$C:$C,MATCH(4,内部計算!$E:$E,0)),利用者名簿!$A:$I,9,0)&")","")),"") | F12: =IFERROR(IF(INDEX(食数記録!$C:$C,MATCH(4,内部計算!$G:$G,0))="","",INDEX(食数記録!$C:$C,MATCH(4,内部計算!$G:$G,0))&IF(IFERROR(VLOOKUP(INDEX(食数記録!$C:$C,MATCH(4,内部計算!$G:$G,0)),利用者名簿!$A:$I,9,0),"")<>"","("&VLOOKUP(INDEX(食数記録!$C:$C,MATCH(4,内部計算!$G:$G,0)),利用者名簿!$A:$I,9,0)&")","")),"")
B13: =IFERROR(IF(INDEX(食数記録!$C:$C,MATCH(5,内部計算!$C:$C,0))="","",INDEX(食数記録!$C:$C,MATCH(5,内部計算!$C:$C,0))&IF(IFERROR(VLOOKUP(INDEX(食数記録!$C:$C,MATCH(5,内部計算!$C:$C,0)),利用者名簿!$A:$I,9,0),"")<>"","("&VLOOKUP(INDEX(食数記録!$C:$C,MATCH(5,内部計算!$C:$C,0)),利用者名簿!$A:$I,9,0)&")","")),"") | D13: =IFERROR(IF(INDEX(食数記録!$C:$C,MATCH(5,内部計算!$E:$E,0))="","",INDEX(食数記録!$C:$C,MATCH(5,内部計算!$E:$E,0))&IF(IFERROR(VLOOKUP(INDEX(食数記録!$C:$C,MATCH(5,内部計算!$E:$E,0)),利用者名簿!$A:$I,9,0),"")<>"","("&VLOOKUP(INDEX(食数記録!$C:$C,MATCH(5,内部計算!$E:$E,0)),利用者名簿!$A:$I,9,0)&")","")),"") | F13: =IFERROR(IF(INDEX(食数記録!$C:$C,MATCH(5,内部計算!$G:$G,0))="","",INDEX(食数記録!$C:$C,MATCH(5,内部計算!$G:$G,0))&IF(IFERROR(VLOOKUP(INDEX(食数記録!$C:$C,MATCH(5,内部計算!$G:$G,0)),利用者名簿!$A:$I,9,0),"")<>"","("&VLOOKUP(INDEX(食数記録!$C:$C,MATCH(5,内部計算!$G:$G,0)),利用者名簿!$A:$I,9,0)&")","")),"")
B14: =IFERROR(IF(INDEX(食数記録!$C:$C,MATCH(6,内部計算!$C:$C,0))="","",INDEX(食数記録!$C:$C,MATCH(6,内部計算!$C:$C,0))&IF(IFERROR(VLOOKUP(INDEX(食数記録!$C:$C,MATCH(6,内部計算!$C:$C,0)),利用者名簿!$A:$I,9,0),"")<>"","("&VLOOKUP(INDEX(食数記録!$C:$C,MATCH(6,内部計算!$C:$C,0)),利用者名簿!$A:$I,9,0)&")","")),"") | D14: =IFERROR(IF(INDEX(食数記録!$C:$C,MATCH(6,内部計算!$E:$E,0))="","",INDEX(食数記録!$C:$C,MATCH(6,内部計算!$E:$E,0))&IF(IFERROR(VLOOKUP(INDEX(食数記録!$C:$C,MATCH(6,内部計算!$E:$E,0)),利用者名簿!$A:$I,9,0),"")<>"","("&VLOOKUP(INDEX(食数記録!$C:$C,MATCH(6,内部計算!$E:$E,0)),利用者名簿!$A:$I,9,0)&")","")),"") | F14: =IFERROR(IF(INDEX(食数記録!$C:$C,MATCH(6,内部計算!$G:$G,0))="","",INDEX(食数記録!$C:$C,MATCH(6,内部計算!$G:$G,0))&IF(IFERROR(VLOOKUP(INDEX(食数記録!$C:$C,MATCH(6,内部計算!$G:$G,0)),利用者名簿!$A:$I,9,0),"")<>"","("&VLOOKUP(INDEX(食数記録!$C:$C,MATCH(6,内部計算!$G:$G,0)),利用者名簿!$A:$I,9,0)&")","")),"")
B15: =IFERROR(IF(INDEX(食数記録!$C:$C,MATCH(7,内部計算!$C:$C,0))="","",INDEX(食数記録!$C:$C,MATCH(7,内部計算!$C:$C,0))&IF(IFERROR(VLOOKUP(INDEX(食数記録!$C:$C,MATCH(7,内部計算!$C:$C,0)),利用者名簿!$A:$I,9,0),"")<>"","("&VLOOKUP(INDEX(食数記録!$C:$C,MATCH(7,内部計算!$C:$C,0)),利用者名簿!$A:$I,9,0)&")","")),"") | D15: =IFERROR(IF(INDEX(食数記録!$C:$C,MATCH(7,内部計算!$E:$E,0))="","",INDEX(食数記録!$C:$C,MATCH(7,内部計算!$E:$E,0))&IF(IFERROR(VLOOKUP(INDEX(食数記録!$C:$C,MATCH(7,内部計算!$E:$E,0)),利用者名簿!$A:$I,9,0),"")<>"","("&VLOOKUP(INDEX(食数記録!$C:$C,MATCH(7,内部計算!$E:$E,0)),利用者名簿!$A:$I,9,0)&")","")),"") | F15: =IFERROR(IF(INDEX(食数記録!$C:$C,MATCH(7,内部計算!$G:$G,0))="","",INDEX(食数記録!$C:$C,MATCH(7,内部計算!$G:$G,0))&IF(IFERROR(VLOOKUP(INDEX(食数記録!$C:$C,MATCH(7,内部計算!$G:$G,0)),利用者名簿!$A:$I,9,0),"")<>"","("&VLOOKUP(INDEX(食数記録!$C:$C,MATCH(7,内部計算!$G:$G,0)),利用者名簿!$A:$I,9,0)&")","")),"")
B16: =IFERROR(IF(INDEX(食数記録!$C:$C,MATCH(8,内部計算!$C:$C,0))="","",INDEX(食数記録!$C:$C,MATCH(8,内部計算!$C:$C,0))&IF(IFERROR(VLOOKUP(INDEX(食数記録!$C:$C,MATCH(8,内部計算!$C:$C,0)),利用者名簿!$A:$I,9,0),"")<>"","("&VLOOKUP(INDEX(食数記録!$C:$C,MATCH(8,内部計算!$C:$C,0)),利用者名簿!$A:$I,9,0)&")","")),"") | D16: =IFERROR(IF(INDEX(食数記録!$C:$C,MATCH(8,内部計算!$E:$E,0))="","",INDEX(食数記録!$C:$C,MATCH(8,内部計算!$E:$E,0))&IF(IFERROR(VLOOKUP(INDEX(食数記録!$C:$C,MATCH(8,内部計算!$E:$E,0)),利用者名簿!$A:$I,9,0),"")<>"","("&VLOOKUP(INDEX(食数記録!$C:$C,MATCH(8,内部計算!$E:$E,0)),利用者名簿!$A:$I,9,0)&")","")),"") | F16: =IFERROR(IF(INDEX(食数記録!$C:$C,MATCH(8,内部計算!$G:$G,0))="","",INDEX(食数記録!$C:$C,MATCH(8,内部計算!$G:$G,0))&IF(IFERROR(VLOOKUP(INDEX(食数記録!$C:$C,MATCH(8,内部計算!$G:$G,0)),利用者名簿!$A:$I,9,0),"")<>"","("&VLOOKUP(INDEX(食数記録!$C:$C,MATCH(8,内部計算!$G:$G,0)),利用者名簿!$A:$I,9,0)&")","")),"")
A17: 女性入所 | B17: =COUNTIFS(利用者名簿!$B:$B,"女性入所",利用者名簿!$G:$G,"在籍")-COUNTIFS(食数記録!$A:$A,$C$3,食数記録!$B:$B,"朝",食数記録!$F:$F,"女性入所",食数記録!$D:$D,"欠食") -> 0 | D17: =COUNTIFS(利用者名簿!$B:$B,"女性入所",利用者名簿!$G:$G,"在籍")-COUNTIFS(食数記録!$A:$A,$C$3,食数記録!$B:$B,"昼",食数記録!$F:$F,"女性入所",食数記録!$D:$D,"欠食") -> 1 | F17: =COUNTIFS(利用者名簿!$B:$B,"女性入所",利用者名簿!$G:$G,"在籍")-COUNTIFS(食数記録!$A:$A,$C$3,食数記録!$B:$B,"夕",食数記録!$F:$F,"女性入所",食数記録!$D:$D,"欠食") -> 1
B18: =IFERROR(IF(INDEX(食数記録!$C:$C,MATCH(1,内部計算!$I:$I,0))="","",INDEX(食数記録!$C:$C,MATCH(1,内部計算!$I:$I,0))&IF(IFERROR(VLOOKUP(INDEX(食数記録!$C:$C,MATCH(1,内部計算!$I:$I,0)),利用者名簿!$A:$I,9,0),"")<>"","("&VLOOKUP(INDEX(食数記録!$C:$C,MATCH(1,内部計算!$I:$I,0)),利用者名簿!$A:$I,9,0)&")","")),"") -> 鈴木 花子(キ) | D18: =IFERROR(IF(INDEX(食数記録!$C:$C,MATCH(1,内部計算!$K:$K,0))="","",INDEX(食数記録!$C:$C,MATCH(1,内部計算!$K:$K,0))&IF(IFERROR(VLOOKUP(INDEX(食数記録!$C:$C,MATCH(1,内部計算!$K:$K,0)),利用者名簿!$A:$I,9,0),"")<>"","("&VLOOKUP(INDEX(食数記録!$C:$C,MATCH(1,内部計算!$K:$K,0)),利用者名簿!$A:$I,9,0)&")","")),"") | F18: =IFERROR(IF(INDEX(食数記録!$C:$C,MATCH(1,内部計算!$M:$M,0))="","",INDEX(食数記録!$C:$C,MATCH(1,内部計算!$M:$M,0))&IF(IFERROR(VLOOKUP(INDEX(食数記録!$C:$C,MATCH(1,内部計算!$M:$M,0)),利用者名簿!$A:$I,9,0),"")<>"","("&VLOOKUP(INDEX(食数記録!$C:$C,MATCH(1,内部計算!$M:$M,0)),利用者名簿!$A:$I,9,0)&")","")),"")
B19: =IFERROR(IF(INDEX(食数記録!$C:$C,MATCH(2,内部計算!$I:$I,0))="","",INDEX(食数記録!$C:$C,MATCH(2,内部計算!$I:$I,0))&IF(IFERROR(VLOOKUP(INDEX(食数記録!$C:$C,MATCH(2,内部計算!$I:$I,0)),利用者名簿!$A:$I,9,0),"")<>"","("&VLOOKUP(INDEX(食数記録!$C:$C,MATCH(2,内部計算!$I:$I,0)),利用者名簿!$A:$I,9,0)&")","")),"") | D19: =IFERROR(IF(INDEX(食数記録!$C:$C,MATCH(2,内部計算!$K:$K,0))="","",INDEX(食数記録!$C:$C,MATCH(2,内部計算!$K:$K,0))&IF(IFERROR(VLOOKUP(INDEX(食数記録!$C:$C,MATCH(2,内部計算!$K:$K,0)),利用者名簿!$A:$I,9,0),"")<>"","("&VLOOKUP(INDEX(食数記録!$C:$C,MATCH(2,内部計算!$K:$K,0)),利用者名簿!$A:$I,9,0)&")","")),"") | F19: =IFERROR(IF(INDEX(食数記録!$C:$C,MATCH(2,内部計算!$M:$M,0))="","",INDEX(食数記録!$C:$C,MATCH(2,内部計算!$M:$M,0))&IF(IFERROR(VLOOKUP(INDEX(食数記録!$C:$C,MATCH(2,内部計算!$M:$M,0)),利用者名簿!$A:$I,9,0),"")<>"","("&VLOOKUP(INDEX(食数記録!$C:$C,MATCH(2,内部計算!$M:$M,0)),利用者名簿!$A:$I,9,0)&")","")),"")
B20: =IFERROR(IF(INDEX(食数記録!$C:$C,MATCH(3,内部計算!$I:$I,0))="","",INDEX(食数記録!$C:$C,MATCH(3,内部計算!$I:$I,0))&IF(IFERROR(VLOOKUP(INDEX(食数記録!$C:$C,MATCH(3,内部計算!$I:$I,0)),利用者名簿!$A:$I,9,0),"")<>"","("&VLOOKUP(INDEX(食数記録!$C:$C,MATCH(3,内部計算!$I:$I,0)),利用者名簿!$A:$I,9,0)&")","")),"") | D20: =IFERROR(IF(INDEX(食数記録!$C:$C,MATCH(3,内部計算!$K:$K,0))="","",INDEX(食数記録!$C:$C,MATCH(3,内部計算!$K:$K,0))&IF(IFERROR(VLOOKUP(INDEX(食数記録!$C:$C,MATCH(3,内部計算!$K:$K,0)),利用者名簿!$A:$I,9,0),"")<>"","("&VLOOKUP(INDEX(食数記録!$C:$C,MATCH(3,内部計算!$K:$K,0)),利用者名簿!$A:$I,9,0)&")","")),"") | F20: =IFERROR(IF(INDEX(食数記録!$C:$C,MATCH(3,内部計算!$M:$M,0))="","",INDEX(食数記録!$C:$C,MATCH(3,内部計算!$M:$M,0))&IF(IFERROR(VLOOKUP(INDEX(食数記録!$C:$C,MATCH(3,内部計算!$M:$M,0)),利用者名簿!$A:$I,9,0),"")<>"","("&VLOOKUP(INDEX(食数記録!$C:$C,MATCH(3,内部計算!$M:$M,0)),利用者名簿!$A:$I,9,0)&")","")),"")
B21: =IFERROR(IF(INDEX(食数記録!$C:$C,MATCH(4,内部計算!$I:$I,0))="","",INDEX(食数記録!$C:$C,MATCH(4,内部計算!$I:$I,0))&IF(IFERROR(VLOOKUP(INDEX(食数記録!$C:$C,MATCH(4,内部計算!$I:$I,0)),利用者名簿!$A:$I,9,0),"")<>"","("&VLOOKUP(INDEX(食数記録!$C:$C,MATCH(4,内部計算!$I:$I,0)),利用者名簿!$A:$I,9,0)&")","")),"") | D21: =IFERROR(IF(INDEX(食数記録!$C:$C,MATCH(4,内部計算!$K:$K,0))="","",INDEX(食数記録!$C:$C,MATCH(4,内部計算!$K:$K,0))&IF(IFERROR(VLOOKUP(INDEX(食数記録!$C:$C,MATCH(4,内部計算!$K:$K,0)),利用者名簿!$A:$I,9,0),"")<>"","("&VLOOKUP(INDEX(食数記録!$C:$C,MATCH(4,内部計算!$K:$K,0)),利用者名簿!$A:$I,9,0)&")","")),"") | F21: =IFERROR(IF(INDEX(食数記録!$C:$C,MATCH(4,内部計算!$M:$M,0))="","",INDEX(食数記録!$C:$C,MATCH(4,内部計算!$M:$M,0))&IF(IFERROR(VLOOKUP(INDEX(食数記録!$C:$C,MATCH(4,内部計算!$M:$M,0)),利用者名簿!$A:$I,9,0),"")<>"","("&VLOOKUP(INDEX(食数記録!$C:$C,MATCH(4,内部計算!$M:$M,0)),利用者名簿!$A:$I,9,0)&")","")),"")
B22: =IFERROR(IF(INDEX(食数記録!$C:$C,MATCH(5,内部計算!$I:$I,0))="","",INDEX(食数記録!$C:$C,MATCH(5,内部計算!$I:$I,0))&IF(IFERROR(VLOOKUP(INDEX(食数記録!$C:$C,MATCH(5,内部計算!$I:$I,0)),利用者名簿!$A:$I,9,0),"")<>"","("&VLOOKUP(INDEX(食数記録!$C:$C,MATCH(5,内部計算!$I:$I,0)),利用者名簿!$A:$I,9,0)&")","")),"") | D22: =IFERROR(IF(INDEX(食数記録!$C:$C,MATCH(5,内部計算!$K:$K,0))="","",INDEX(食数記録!$C:$C,MATCH(5,内部計算!$K:$K,0))&IF(IFERROR(VLOOKUP(INDEX(食数記録!$C:$C,MATCH(5,内部計算!$K:$K,0)),利用者名簿!$A:$I,9,0),"")<>"","("&VLOOKUP(INDEX(食数記録!$C:$C,MATCH(5,内部計算!$K:$K,0)),利用者名簿!$A:$I,9,0)&")","")),"") | F22: =IFERROR(IF(INDEX(食数記録!$C:$C,MATCH(5,内部計算!$M:$M,0))="","",INDEX(食数記録!$C:$C,MATCH(5,内部計算!$M:$M,0))&IF(IFERROR(VLOOKUP(INDEX(食数記録!$C:$C,MATCH(5,内部計算!$M:$M,0)),利用者名簿!$A:$I,9,0),"")<>"","("&VLOOKUP(INDEX(食数記録!$C:$C,MATCH(5,内部計算!$M:$M,0)),利用者名簿!$A:$I,9,0)&")","")),"")
B23: =IFERROR(IF(INDEX(食数記録!$C:$C,MATCH(6,内部計算!$I:$I,0))="","",INDEX(食数記録!$C:$C,MATCH(6,内部計算!$I:$I,0))&IF(IFERROR(VLOOKUP(INDEX(食数記録!$C:$C,MATCH(6,内部計算!$I:$I,0)),利用者名簿!$A:$I,9,0),"")<>"","("&VLOOKUP(INDEX(食数記録!$C:$C,MATCH(6,内部計算!$I:$I,0)),利用者名簿!$A:$I,9,0)&")","")),"") | D23: =IFERROR(IF(INDEX(食数記録!$C:$C,MATCH(6,内部計算!$K:$K,0))="","",INDEX(食数記録!$C:$C,MATCH(6,内部計算!$K:$K,0))&IF(IFERROR(VLOOKUP(INDEX(食数記録!$C:$C,MATCH(6,内部計算!$K:$K,0)),利用者名簿!$A:$I,9,0),"")<>"","("&VLOOKUP(INDEX(食数記録!$C:$C,MATCH(6,内部計算!$K:$K,0)),利用者名簿!$A:$I,9,0)&")","")),"") | F23: =IFERROR(IF(INDEX(食数記録!$C:$C,MATCH(6,内部計算!$M:$M,0))="","",INDEX(食数記録!$C:$C,MATCH(6,内部計算!$M:$M,0))&IF(IFERROR(VLOOKUP(INDEX(食数記録!$C:$C,MATCH(6,内部計算!$M:$M,0)),利用者名簿!$A:$I,9,0),"")<>"","("&VLOOKUP(INDEX(食数記録!$C:$C,MATCH(6,内部計算!$M:$M,0)),利用者名簿!$A:$I,9,0)&")","")),"")
B24: =IFERROR(IF(INDEX(食数記録!$C:$C,MATCH(7,内部計算!$I:$I,0))="","",INDEX(食数記録!$C:$C,MATCH(7,内部計算!$I:$I,0))&IF(IFERROR(VLOOKUP(INDEX(食数記録!$C:$C,MATCH(7,内部計算!$I:$I,0)),利用者名簿!$A:$I,9,0),"")<>"","("&VLOOKUP(INDEX(食数記録!$C:$C,MATCH(7,内部計算!$I:$I,0)),利用者名簿!$A:$I,9,0)&")","")),"") | D24: =IFERROR(IF(INDEX(食数記録!$C:$C,MATCH(7,内部計算!$K:$K,0))="","",INDEX(食数記録!$C:$C,MATCH(7,内部計算!$K:$K,0))&IF(IFERROR(VLOOKUP(INDEX(食数記録!$C:$C,MATCH(7,内部計算!$K:$K,0)),利用者名簿!$A:$I,9,0),"")<>"","("&VLOOKUP(INDEX(食数記録!$C:$C,MATCH(7,内部計算!$K:$K,0)),利用者名簿!$A:$I,9,0)&")","")),"") | F24: =IFERROR(IF(INDEX(食数記録!$C:$C,MATCH(7,内部計算!$M:$M,0))="","",INDEX(食数記録!$C:$C,MATCH(7,内部計算!$M:$M,0))&IF(IFERROR(VLOOKUP(INDEX(食数記録!$C:$C,MATCH(7,内部計算!$M:$M,0)),利用者名簿!$A:$I,9,0),"")<>"","("&VLOOKUP(INDEX(食数記録!$C:$C,MATCH(7,内部計算!$M:$M,0)),利用者名簿!$A:$I,9,0)&")","")),"")
B25: =IFERROR(IF(INDEX(食数記録!$C:$C,MATCH(8,内部計算!$I:$I,0))="","",INDEX(食数記録!$C:$C,MATCH(8,内部計算!$I:$I,0))&IF(IFERROR(VLOOKUP(INDEX(食数記録!$C:$C,MATCH(8,内部計算!$I:$I,0)),利用者名簿!$A:$I,9,0),"")<>"","("&VLOOKUP(INDEX(食数記録!$C:$C,MATCH(8,内部計算!$I:$I,0)),利用者名簿!$A:$I,9,0)&")","")),"") | D25: =IFERROR(IF(INDEX(食数記録!$C:$C,MATCH(8,内部計算!$K:$K,0))="","",INDEX(食数記録!$C:$C,MATCH(8,内部計算!$K:$K,0))&IF(IFERROR(VLOOKUP(INDEX(食数記録!$C:$C,MATCH(8,内部計算!$K:$K,0)),利用者名簿!$A:$I,9,0),"")<>"","("&VLOOKUP(INDEX(食数記録!$C:$C,MATCH(8,内部計算!$K:$K,0)),利用者名簿!$A:$I,9,0)&")","")),"") | F25: =IFERROR(IF(INDEX(食数記録!$C:$C,MATCH(8,内部計算!$M:$M,0))="","",INDEX(食数記録!$C:$C,MATCH(8,内部計算!$M:$M,0))&IF(IFERROR(VLOOKUP(INDEX(食数記録!$C:$C,MATCH(8,内部計算!$M:$M,0)),利用者名簿!$A:$I,9,0),"")<>"","("&VLOOKUP(INDEX(食数記録!$C:$C,MATCH(8,内部計算!$M:$M,0)),利用者名簿!$A:$I,9,0)&")","")),"")
A26: 男性GH | B26: =COUNTIFS(食数記録!$A:$A,$C$3,食数記録!$B:$B,"朝",食数記録!$F:$F,"男性GH",食数記録!$D:$D,"臨時喫食") -> 0 | D26: =COUNTIFS(食数記録!$A:$A,$C$3,食数記録!$B:$B,"昼",食数記録!$F:$F,"男性GH",食数記録!$D:$D,"臨時喫食") -> 0 | F26: =COUNTIFS(食数記録!$A:$A,$C$3,食数記録!$B:$B,"夕",食数記録!$F:$F,"男性GH",食数記録!$D:$D,"臨時喫食") -> 0
B27: =IFERROR(IF(INDEX(食数記録!$C:$C,MATCH(1,内部計算!$O:$O,0))="","",INDEX(食数記録!$C:$C,MATCH(1,内部計算!$O:$O,0))&IF(IFERROR(VLOOKUP(INDEX(食数記録!$C:$C,MATCH(1,内部計算!$O:$O,0)),利用者名簿!$A:$I,9,0),"")<>"","("&VLOOKUP(INDEX(食数記録!$C:$C,MATCH(1,内部計算!$O:$O,0)),利用者名簿!$A:$I,9,0)&")","")),"") | D27: =IFERROR(IF(INDEX(食数記録!$C:$C,MATCH(1,内部計算!$Q:$Q,0))="","",INDEX(食数記録!$C:$C,MATCH(1,内部計算!$Q:$Q,0))&IF(IFERROR(VLOOKUP(INDEX(食数記録!$C:$C,MATCH(1,内部計算!$Q:$Q,0)),利用者名簿!$A:$I,9,0),"")<>"","("&VLOOKUP(INDEX(食数記録!$C:$C,MATCH(1,内部計算!$Q:$Q,0)),利用者名簿!$A:$I,9,0)&")","")),"") | F27: =IFERROR(IF(INDEX(食数記録!$C:$C,MATCH(1,内部計算!$S:$S,0))="","",INDEX(食数記録!$C:$C,MATCH(1,内部計算!$S:$S,0))&IF(IFERROR(VLOOKUP(INDEX(食数記録!$C:$C,MATCH(1,内部計算!$S:$S,0)),利用者名簿!$A:$I,9,0),"")<>"","("&VLOOKUP(INDEX(食数記録!$C:$C,MATCH(1,内部計算!$S:$S,0)),利用者名簿!$A:$I,9,0)&")","")),"")
B28: =IFERROR(IF(INDEX(食数記録!$C:$C,MATCH(2,内部計算!$O:$O,0))="","",INDEX(食数記録!$C:$C,MATCH(2,内部計算!$O:$O,0))&IF(IFERROR(VLOOKUP(INDEX(食数記録!$C:$C,MATCH(2,内部計算!$O:$O,0)),利用者名簿!$A:$I,9,0),"")<>"","("&VLOOKUP(INDEX(食数記録!$C:$C,MATCH(2,内部計算!$O:$O,0)),利用者名簿!$A:$I,9,0)&")","")),"") | D28: =IFERROR(IF(INDEX(食数記録!$C:$C,MATCH(2,内部計算!$Q:$Q,0))="","",INDEX(食数記録!$C:$C,MATCH(2,内部計算!$Q:$Q,0))&IF(IFERROR(VLOOKUP(INDEX(食数記録!$C:$C,MATCH(2,内部計算!$Q:$Q,0)),利用者名簿!$A:$I,9,0),"")<>"","("&VLOOKUP(INDEX(食数記録!$C:$C,MATCH(2,内部計算!$Q:$Q,0)),利用者名簿!$A:$I,9,0)&")","")),"") | F28: =IFERROR(IF(INDEX(食数記録!$C:$C,MATCH(2,内部計算!$S:$S,0))="","",INDEX(食数記録!$C:$C,MATCH(2,内部計算!$S:$S,0))&IF(IFERROR(VLOOKUP(INDEX(食数記録!$C:$C,MATCH(2,内部計算!$S:$S,0)),利用者名簿!$A:$I,9,0),"")<>"","("&VLOOKUP(INDEX(食数記録!$C:$C,MATCH(2,内部計算!$S:$S,0)),利用者名簿!$A:$I,9,0)&")","")),"")
B29: =IFERROR(IF(INDEX(食数記録!$C:$C,MATCH(3,内部計算!$O:$O,0))="","",INDEX(食数記録!$C:$C,MATCH(3,内部計算!$O:$O,0))&IF(IFERROR(VLOOKUP(INDEX(食数記録!$C:$C,MATCH(3,内部計算!$O:$O,0)),利用者名簿!$A:$I,9,0),"")<>"","("&VLOOKUP(INDEX(食数記録!$C:$C,MATCH(3,内部計算!$O:$O,0)),利用者名簿!$A:$I,9,0)&")","")),"") | D29: =IFERROR(IF(INDEX(食数記録!$C:$C,MATCH(3,内部計算!$Q:$Q,0))="","",INDEX(食数記録!$C:$C,MATCH(3,内部計算!$Q:$Q,0))&IF(IFERROR(VLOOKUP(INDEX(食数記録!$C:$C,MATCH(3,内部計算!$Q:$Q,0)),利用者名簿!$A:$I,9,0),"")<>"","("&VLOOKUP(INDEX(食数記録!$C:$C,MATCH(3,内部計算!$Q:$Q,0)),利用者名簿!$A:$I,9,0)&")","")),"") | F29: =IFERROR(IF(INDEX(食数記録!$C:$C,MATCH(3,内部計算!$S:$S,0))="","",INDEX(食数記録!$C:$C,MATCH(3,内部計算!$S:$S,0))&IF(IFERROR(VLOOKUP(INDEX(食数記録!$C:$C,MATCH(3,内部計算!$S:$S,0)),利用者名簿!$A:$I,9,0),"")<>"","("&VLOOKUP(INDEX(食数記録!$C:$C,MATCH(3,内部計算!$S:$S,0)),利用者名簿!$A:$I,9,0)&")","")),"")
B30: =IFERROR(IF(INDEX(食数記録!$C:$C,MATCH(4,内部計算!$O:$O,0))="","",INDEX(食数記録!$C:$C,MATCH(4,内部計算!$O:$O,0))&IF(IFERROR(VLOOKUP(INDEX(食数記録!$C:$C,MATCH(4,内部計算!$O:$O,0)),利用者名簿!$A:$I,9,0),"")<>"","("&VLOOKUP(INDEX(食数記録!$C:$C,MATCH(4,内部計算!$O:$O,0)),利用者名簿!$A:$I,9,0)&")","")),"") | D30: =IFERROR(IF(INDEX(食数記録!$C:$C,MATCH(4,内部計算!$Q:$Q,0))="","",INDEX(食数記録!$C:$C,MATCH(4,内部計算!$Q:$Q,0))&IF(IFERROR(VLOOKUP(INDEX(食数記録!$C:$C,MATCH(4,内部計算!$Q:$Q,0)),利用者名簿!$A:$I,9,0),"")<>"","("&VLOOKUP(INDEX(食数記録!$C:$C,MATCH(4,内部計算!$Q:$Q,0)),利用者名簿!$A:$I,9,0)&")","")),"") | F30: =IFERROR(IF(INDEX(食数記録!$C:$C,MATCH(4,内部計算!$S:$S,0))="","",INDEX(食数記録!$C:$C,MATCH(4,内部計算!$S:$S,0))&IF(IFERROR(VLOOKUP(INDEX(食数記録!$C:$C,MATCH(4,内部計算!$S:$S,0)),利用者名簿!$A:$I,9,0),"")<>"","("&VLOOKUP(INDEX(食数記録!$C:$C,MATCH(4,内部計算!$S:$S,0)),利用者名簿!$A:$I,9,0)&")","")),"")
B31: =IFERROR(IF(INDEX(食数記録!$C:$C,MATCH(5,内部計算!$O:$O,0))="","",INDEX(食数記録!$C:$C,MATCH(5,内部計算!$O:$O,0))&IF(IFERROR(VLOOKUP(INDEX(食数記録!$C:$C,MATCH(5,内部計算!$O:$O,0)),利用者名簿!$A:$I,9,0),"")<>"","("&VLOOKUP(INDEX(食数記録!$C:$C,MATCH(5,内部計算!$O:$O,0)),利用者名簿!$A:$I,9,0)&")","")),"") | D31: =IFERROR(IF(INDEX(食数記録!$C:$C,MATCH(5,内部計算!$Q:$Q,0))="","",INDEX(食数記録!$C:$C,MATCH(5,内部計算!$Q:$Q,0))&IF(IFERROR(VLOOKUP(INDEX(食数記録!$C:$C,MATCH(5,内部計算!$Q:$Q,0)),利用者名簿!$A:$I,9,0),"")<>"","("&VLOOKUP(INDEX(食数記録!$C:$C,MATCH(5,内部計算!$Q:$Q,0)),利用者名簿!$A:$I,9,0)&")","")),"") | F31: =IFERROR(IF(INDEX(食数記録!$C:$C,MATCH(5,内部計算!$S:$S,0))="","",INDEX(食数記録!$C:$C,MATCH(5,内部計算!$S:$S,0))&IF(IFERROR(VLOOKUP(INDEX(食数記録!$C:$C,MATCH(5,内部計算!$S:$S,0)),利用者名簿!$A:$I,9,0),"")<>"","("&VLOOKUP(INDEX(食数記録!$C:$C,MATCH(5,内部計算!$S:$S,0)),利用者名簿!$A:$I,9,0)&")","")),"")
B32: =IFERROR(IF(INDEX(食数記録!$C:$C,MATCH(6,内部計算!$O:$O,0))="","",INDEX(食数記録!$C:$C,MATCH(6,内部計算!$O:$O,0))&IF(IFERROR(VLOOKUP(INDEX(食数記録!$C:$C,MATCH(6,内部計算!$O:$O,0)),利用者名簿!$A:$I,9,0),"")<>"","("&VLOOKUP(INDEX(食数記録!$C:$C,MATCH(6,内部計算!$O:$O,0)),利用者名簿!$A:$I,9,0)&")","")),"") | D32: =IFERROR(IF(INDEX(食数記録!$C:$C,MATCH(6,内部計算!$Q:$Q,0))="","",INDEX(食数記録!$C:$C,MATCH(6,内部計算!$Q:$Q,0))&IF(IFERROR(VLOOKUP(INDEX(食数記録!$C:$C,MATCH(6,内部計算!$Q:$Q,0)),利用者名簿!$A:$I,9,0),"")<>"","("&VLOOKUP(INDEX(食数記録!$C:$C,MATCH(6,内部計算!$Q:$Q,0)),利用者名簿!$A:$I,9,0)&")","")),"") | F32: =IFERROR(IF(INDEX(食数記録!$C:$C,MATCH(6,内部計算!$S:$S,0))="","",INDEX(食数記録!$C:$C,MATCH(6,内部計算!$S:$S,0))&IF(IFERROR(VLOOKUP(INDEX(食数記録!$C:$C,MATCH(6,内部計算!$S:$S,0)),利用者名簿!$A:$I,9,0),"")<>"","("&VLOOKUP(INDEX(食数記録!$C:$C,MATCH(6,内部計算!$S:$S,0)),利用者名簿!$A:$I,9,0)&")","")),"")
B33: =IFERROR(IF(INDEX(食数記録!$C:$C,MATCH(7,内部計算!$O:$O,0))="","",INDEX(食数記録!$C:$C,MATCH(7,内部計算!$O:$O,0))&IF(IFERROR(VLOOKUP(INDEX(食数記録!$C:$C,MATCH(7,内部計算!$O:$O,0)),利用者名簿!$A:$I,9,0),"")<>"","("&VLOOKUP(INDEX(食数記録!$C:$C,MATCH(7,内部計算!$O:$O,0)),利用者名簿!$A:$I,9,0)&")","")),"") | D33: =IFERROR(IF(INDEX(食数記録!$C:$C,MATCH(7,内部計算!$Q:$Q,0))="","",INDEX(食数記録!$C:$C,MATCH(7,内部計算!$Q:$Q,0))&IF(IFERROR(VLOOKUP(INDEX(食数記録!$C:$C,MATCH(7,内部計算!$Q:$Q,0)),利用者名簿!$A:$I,9,0),"")<>"","("&VLOOKUP(INDEX(食数記録!$C:$C,MATCH(7,内部計算!$Q:$Q,0)),利用者名簿!$A:$I,9,0)&")","")),"") | F33: =IFERROR(IF(INDEX(食数記録!$C:$C,MATCH(7,内部計算!$S:$S,0))="","",INDEX(食数記録!$C:$C,MATCH(7,内部計算!$S:$S,0))&IF(IFERROR(VLOOKUP(INDEX(食数記録!$C:$C,MATCH(7,内部計算!$S:$S,0)),利用者名簿!$A:$I,9,0),"")<>"","("&VLOOKUP(INDEX(食数記録!$C:$C,MATCH(7,内部計算!$S:$S,0)),利用者名簿!$A:$I,9,0)&")","")),"")
B34: =IFERROR(IF(INDEX(食数記録!$C:$C,MATCH(8,内部計算!$O:$O,0))="","",INDEX(食数記録!$C:$C,MATCH(8,内部計算!$O:$O,0))&IF(IFERROR(VLOOKUP(INDEX(食数記録!$C:$C,MATCH(8,内部計算!$O:$O,0)),利用者名簿!$A:$I,9,0),"")<>"","("&VLOOKUP(INDEX(食数記録!$C:$C,MATCH(8,内部計算!$O:$O,0)),利用者名簿!$A:$I,9,0)&")","")),"") | D34: =IFERROR(IF(INDEX(食数記録!$C:$C,MATCH(8,内部計算!$Q:$Q,0))="","",INDEX(食数記録!$C:$C,MATCH(8,内部計算!$Q:$Q,0))&IF(IFERROR(VLOOKUP(INDEX(食数記録!$C:$C,MATCH(8,内部計算!$Q:$Q,0)),利用者名簿!$A:$I,9,0),"")<>"","("&VLOOKUP(INDEX(食数記録!$C:$C,MATCH(8,内部計算!$Q:$Q,0)),利用者名簿!$A:$I,9,0)&")","")),"") | F34: =IFERROR(IF(INDEX(食数記録!$C:$C,MATCH(8,内部計算!$S:$S,0))="","",INDEX(食数記録!$C:$C,MATCH(8,内部計算!$S:$S,0))&IF(IFERROR(VLOOKUP(INDEX(食数記録!$C:$C,MATCH(8,内部計算!$S:$S,0)),利用者名簿!$A:$I,9,0),"")<>"","("&VLOOKUP(INDEX(食数記録!$C:$C,MATCH(8,内部計算!$S:$S,0)),利用者名簿!$A:$I,9,0)&")","")),"")
A35: 女性GH | B35: =COUNTIFS(食数記録!$A:$A,$C$3,食数記録!$B:$B,"朝",食数記録!$F:$F,"女性GH",食数記録!$D:$D,"臨時喫食") -> 0 | D35: =COUNTIFS(食数記録!$A:$A,$C$3,食数記録!$B:$B,"昼",食数記録!$F:$F,"女性GH",食数記録!$D:$D,"臨時喫食") -> 0 | F35: =COUNTIFS(食数記録!$A:$A,$C$3,食数記録!$B:$B,"夕",食数記録!$F:$F,"女性GH",食数記録!$D:$D,"臨時喫食") -> 0
B36: =IFERROR(IF(INDEX(食数記録!$C:$C,MATCH(1,内部計算!$U:$U,0))="","",INDEX(食数記録!$C:$C,MATCH(1,内部計算!$U:$U,0))&IF(IFERROR(VLOOKUP(INDEX(食数記録!$C:$C,MATCH(1,内部計算!$U:$U,0)),利用者名簿!$A:$I,9,0),"")<>"","("&VLOOKUP(INDEX(食数記録!$C:$C,MATCH(1,内部計算!$U:$U,0)),利用者名簿!$A:$I,9,0)&")","")),"") | D36: =IFERROR(IF(INDEX(食数記録!$C:$C,MATCH(1,内部計算!$W:$W,0))="","",INDEX(食数記録!$C:$C,MATCH(1,内部計算!$W:$W,0))&IF(IFERROR(VLOOKUP(INDEX(食数記録!$C:$C,MATCH(1,内部計算!$W:$W,0)),利用者名簿!$A:$I,9,0),"")<>"","("&VLOOKUP(INDEX(食数記録!$C:$C,MATCH(1,内部計算!$W:$W,0)),利用者名簿!$A:$I,9,0)&")","")),"") | F36: =IFERROR(IF(INDEX(食数記録!$C:$C,MATCH(1,内部計算!$Y:$Y,0))="","",INDEX(食数記録!$C:$C,MATCH(1,内部計算!$Y:$Y,0))&IF(IFERROR(VLOOKUP(INDEX(食数記録!$C:$C,MATCH(1,内部計算!$Y:$Y,0)),利用者名簿!$A:$I,9,0),"")<>"","("&VLOOKUP(INDEX(食数記録!$C:$C,MATCH(1,内部計算!$Y:$Y,0)),利用者名簿!$A:$I,9,0)&")","")),"")
B37: =IFERROR(IF(INDEX(食数記録!$C:$C,MATCH(2,内部計算!$U:$U,0))="","",INDEX(食数記録!$C:$C,MATCH(2,内部計算!$U:$U,0))&IF(IFERROR(VLOOKUP(INDEX(食数記録!$C:$C,MATCH(2,内部計算!$U:$U,0)),利用者名簿!$A:$I,9,0),"")<>"","("&VLOOKUP(INDEX(食数記録!$C:$C,MATCH(2,内部計算!$U:$U,0)),利用者名簿!$A:$I,9,0)&")","")),"") | D37: =IFERROR(IF(INDEX(食数記録!$C:$C,MATCH(2,内部計算!$W:$W,0))="","",INDEX(食数記録!$C:$C,MATCH(2,内部計算!$W:$W,0))&IF(IFERROR(VLOOKUP(INDEX(食数記録!$C:$C,MATCH(2,内部計算!$W:$W,0)),利用者名簿!$A:$I,9,0),"")<>"","("&VLOOKUP(INDEX(食数記録!$C:$C,MATCH(2,内部計算!$W:$W,0)),利用者名簿!$A:$I,9,0)&")","")),"") | F37: =IFERROR(IF(INDEX(食数記録!$C:$C,MATCH(2,内部計算!$Y:$Y,0))="","",INDEX(食数記録!$C:$C,MATCH(2,内部計算!$Y:$Y,0))&IF(IFERROR(VLOOKUP(INDEX(食数記録!$C:$C,MATCH(2,内部計算!$Y:$Y,0)),利用者名簿!$A:$I,9,0),"")<>"","("&VLOOKUP(INDEX(食数記録!$C:$C,MATCH(2,内部計算!$Y:$Y,0)),利用者名簿!$A:$I,9,0)&")","")),"")
B38: =IFERROR(IF(INDEX(食数記録!$C:$C,MATCH(3,内部計算!$U:$U,0))="","",INDEX(食数記録!$C:$C,MATCH(3,内部計算!$U:$U,0))&IF(IFERROR(VLOOKUP(INDEX(食数記録!$C:$C,MATCH(3,内部計算!$U:$U,0)),利用者名簿!$A:$I,9,0),"")<>"","("&VLOOKUP(INDEX(食数記録!$C:$C,MATCH(3,内部計算!$U:$U,0)),利用者名簿!$A:$I,9,0)&")","")),"") | D38: =IFERROR(IF(INDEX(食数記録!$C:$C,MATCH(3,内部計算!$W:$W,0))="","",INDEX(食数記録!$C:$C,MATCH(3,内部計算!$W:$W,0))&IF(IFERROR(VLOOKUP(INDEX(食数記録!$C:$C,MATCH(3,内部計算!$W:$W,0)),利用者名簿!$A:$I,9,0),"")<>"","("&VLOOKUP(INDEX(食数記録!$C:$C,MATCH(3,内部計算!$W:$W,0)),利用者名簿!$A:$I,9,0)&")","")),"") | F38: =IFERROR(IF(INDEX(食数記録!$C:$C,MATCH(3,内部計算!$Y:$Y,0))="","",INDEX(食数記録!$C:$C,MATCH(3,内部計算!$Y:$Y,0))&IF(IFERROR(VLOOKUP(INDEX(食数記録!$C:$C,MATCH(3,内部計算!$Y:$Y,0)),利用者名簿!$A:$I,9,0),"")<>"","("&VLOOKUP(INDEX(食数記録!$C:$C,MATCH(3,内部計算!$Y:$Y,0)),利用者名簿!$A:$I,9,0)&")","")),"")
B39: =IFERROR(IF(INDEX(食数記録!$C:$C,MATCH(4,内部計算!$U:$U,0))="","",INDEX(食数記録!$C:$C,MATCH(4,内部計算!$U:$U,0))&IF(IFERROR(VLOOKUP(INDEX(食数記録!$C:$C,MATCH(4,内部計算!$U:$U,0)),利用者名簿!$A:$I,9,0),"")<>"","("&VLOOKUP(INDEX(食数記録!$C:$C,MATCH(4,内部計算!$U:$U,0)),利用者名簿!$A:$I,9,0)&")","")),"") | D39: =IFERROR(IF(INDEX(食数記録!$C:$C,MATCH(4,内部計算!$W:$W,0))="","",INDEX(食数記録!$C:$C,MATCH(4,内部計算!$W:$W,0))&IF(IFERROR(VLOOKUP(INDEX(食数記録!$C:$C,MATCH(4,内部計算!$W:$W,0)),利用者名簿!$A:$I,9,0),"")<>"","("&VLOOKUP(INDEX(食数記録!$C:$C,MATCH(4,内部計算!$W:$W,0)),利用者名簿!$A:$I,9,0)&")","")),"") | F39: =IFERROR(IF(INDEX(食数記録!$C:$C,MATCH(4,内部計算!$Y:$Y,0))="","",INDEX(食数記録!$C:$C,MATCH(4,内部計算!$Y:$Y,0))&IF(IFERROR(VLOOKUP(INDEX(食数記録!$C:$C,MATCH(4,内部計算!$Y:$Y,0)),利用者名簿!$A:$I,9,0),"")<>"","("&VLOOKUP(INDEX(食数記録!$C:$C,MATCH(4,内部計算!$Y:$Y,0)),利用者名簿!$A:$I,9,0)&")","")),"")
B40: =IFERROR(IF(INDEX(食数記録!$C:$C,MATCH(5,内部計算!$U:$U,0))="","",INDEX(食数記録!$C:$C,MATCH(5,内部計算!$U:$U,0))&IF(IFERROR(VLOOKUP(INDEX(食数記録!$C:$C,MATCH(5,内部計算!$U:$U,0)),利用者名簿!$A:$I,9,0),"")<>"","("&VLOOKUP(INDEX(食数記録!$C:$C,MATCH(5,内部計算!$U:$U,0)),利用者名簿!$A:$I,9,0)&")","")),"") | D40: =IFERROR(IF(INDEX(食数記録!$C:$C,MATCH(5,内部計算!$W:$W,0))="","",INDEX(食数記録!$C:$C,MATCH(5,内部計算!$W:$W,0))&IF(IFERROR(VLOOKUP(INDEX(食数記録!$C:$C,MATCH(5,内部計算!$W:$W,0)),利用者名簿!$A:$I,9,0),"")<>"","("&VLOOKUP(INDEX(食数記録!$C:$C,MATCH(5,内部計算!$W:$W,0)),利用者名簿!$A:$I,9,0)&")","")),"") | F40: =IFERROR(IF(INDEX(食数記録!$C:$C,MATCH(5,内部計算!$Y:$Y,0))="","",INDEX(食数記録!$C:$C,MATCH(5,内部計算!$Y:$Y,0))&IF(IFERROR(VLOOKUP(INDEX(食数記録!$C:$C,MATCH(5,内部計算!$Y:$Y,0)),利用者名簿!$A:$I,9,0),"")<>"","("&VLOOKUP(INDEX(食数記録!$C:$C,MATCH(5,内部計算!$Y:$Y,0)),利用者名簿!$A:$I,9,0)&")","")),"")
B41: =IFERROR(IF(INDEX(食数記録!$C:$C,MATCH(6,内部計算!$U:$U,0))="","",INDEX(食数記録!$C:$C,MATCH(6,内部計算!$U:$U,0))&IF(IFERROR(VLOOKUP(INDEX(食数記録!$C:$C,MATCH(6,内部計算!$U:$U,0)),利用者名簿!$A:$I,9,0),"")<>"","("&VLOOKUP(INDEX(食数記録!$C:$C,MATCH(6,内部計算!$U:$U,0)),利用者名簿!$A:$I,9,0)&")","")),"") | D41: =IFERROR(IF(INDEX(食数記録!$C:$C,MATCH(6,内部計算!$W:$W,0))="","",INDEX(食数記録!$C:$C,MATCH(6,内部計算!$W:$W,0))&IF(IFERROR(VLOOKUP(INDEX(食数記録!$C:$C,MATCH(6,内部計算!$W:$W,0)),利用者名簿!$A:$I,9,0),"")<>"","("&VLOOKUP(INDEX(食数記録!$C:$C,MATCH(6,内部計算!$W:$W,0)),利用者名簿!$A:$I,9,0)&")","")),"") | F41: =IFERROR(IF(INDEX(食数記録!$C:$C,MATCH(6,内部計算!$Y:$Y,0))="","",INDEX(食数記録!$C:$C,MATCH(6,内部計算!$Y:$Y,0))&IF(IFERROR(VLOOKUP(INDEX(食数記録!$C:$C,MATCH(6,内部計算!$Y:$Y,0)),利用者名簿!$A:$I,9,0),"")<>"","("&VLOOKUP(INDEX(食数記録!$C:$C,MATCH(6,内部計算!$Y:$Y,0)),利用者名簿!$A:$I,9,0)&")","")),"")
B42: =IFERROR(IF(INDEX(食数記録!$C:$C,MATCH(7,内部計算!$U:$U,0))="","",INDEX(食数記録!$C:$C,MATCH(7,内部計算!$U:$U,0))&IF(IFERROR(VLOOKUP(INDEX(食数記録!$C:$C,MATCH(7,内部計算!$U:$U,0)),利用者名簿!$A:$I,9,0),"")<>"","("&VLOOKUP(INDEX(食数記録!$C:$C,MATCH(7,内部計算!$U:$U,0)),利用者名簿!$A:$I,9,0)&")","")),"") | D42: =IFERROR(IF(INDEX(食数記録!$C:$C,MATCH(7,内部計算!$W:$W,0))="","",INDEX(食数記録!$C:$C,MATCH(7,内部計算!$W:$W,0))&IF(IFERROR(VLOOKUP(INDEX(食数記録!$C:$C,MATCH(7,内部計算!$W:$W,0)),利用者名簿!$A:$I,9,0),"")<>"","("&VLOOKUP(INDEX(食数記録!$C:$C,MATCH(7,内部計算!$W:$W,0)),利用者名簿!$A:$I,9,0)&")","")),"") | F42: =IFERROR(IF(INDEX(食数記録!$C:$C,MATCH(7,内部計算!$Y:$Y,0))="","",INDEX(食数記録!$C:$C,MATCH(7,内部計算!$Y:$Y,0))&IF(IFERROR(VLOOKUP(INDEX(食数記録!$C:$C,MATCH(7,内部計算!$Y:$Y,0)),利用者名簿!$A:$I,9,0),"")<>"","("&VLOOKUP(INDEX(食数記録!$C:$C,MATCH(7,内部計算!$Y:$Y,0)),利用者名簿!$A:$I,9,0)&")","")),"")
B43: =IFERROR(IF(INDEX(食数記録!$C:$C,MATCH(8,内部計算!$U:$U,0))="","",INDEX(食数記録!$C:$C,MATCH(8,内部計算!$U:$U,0))&IF(IFERROR(VLOOKUP(INDEX(食数記録!$C:$C,MATCH(8,内部計算!$U:$U,0)),利用者名簿!$A:$I,9,0),"")<>"","("&VLOOKUP(INDEX(食数記録!$C:$C,MATCH(8,内部計算!$U:$U,0)),利用者名簿!$A:$I,9,0)&")","")),"") | D43: =IFERROR(IF(INDEX(食数記録!$C:$C,MATCH(8,内部計算!$W:$W,0))="","",INDEX(食数記録!$C:$C,MATCH(8,内部計算!$W:$W,0))&IF(IFERROR(VLOOKUP(INDEX(食数記録!$C:$C,MATCH(8,内部計算!$W:$W,0)),利用者名簿!$A:$I,9,0),"")<>"","("&VLOOKUP(INDEX(食数記録!$C:$C,MATCH(8,内部計算!$W:$W,0)),利用者名簿!$A:$I,9,0)&")","")),"") | F43: =IFERROR(IF(INDEX(食数記録!$C:$C,MATCH(8,内部計算!$Y:$Y,0))="","",INDEX(食数記録!$C:$C,MATCH(8,内部計算!$Y:$Y,0))&IF(IFERROR(VLOOKUP(INDEX(食数記録!$C:$C,MATCH(8,内部計算!$Y:$Y,0)),利用者名簿!$A:$I,9,0),"")<>"","("&VLOOKUP(INDEX(食数記録!$C:$C,MATCH(8,内部計算!$Y:$Y,0)),利用者名簿!$A:$I,9,0)&")","")),"")
A45: 職員 | B45: =SUMIFS(職員食来客記録!$C:$C,職員食来客記録!$A:$A,$C$3,職員食来客記録!$B:$B,"朝") -> 0 | D45: =SUMIFS(職員食来客記録!$C:$C,職員食来客記録!$A:$A,$C$3,職員食来客記録!$B:$B,"昼") -> 0 | F45: =SUMIFS(職員食来客記録!$C:$C,職員食来客記録!$A:$A,$C$3,職員食来客記録!$B:$B,"夕") -> 0
A46: 来客 | B46: =SUMIFS(職員食来客記録!$D:$D,職員食来客記録!$A:$A,$C$3,職員食来客記録!$B:$B,"朝") -> 0 | D46: =SUMIFS(職員食来客記録!$D:$D,職員食来客記録!$A:$A,$C$3,職員食来客記録!$B:$B,"昼") -> 2 | F46: =SUMIFS(職員食来客記録!$D:$D,職員食来客記録!$A:$A,$C$3,職員食来客記録!$B:$B,"夕") -> 0
A48: 調理必要数 | B48: =B8+B17+B26+B35+B46+B47 -> 1 | D48: =D8+D17+D26+D35+D46+D47 -> 3 | F48: =F8+F17+F26+F35+F46+F47 -> 2

Sheet 月次集計
A1: 月次集計（食単価清算用）
A3: 対象年月（1日を入力） | C3: 46235
A4: ※GH利用者は「平日昼は基本的に喫食」という標準ルールをこの集計のみ自動適用します（清算金額に直結するため、名簿の在籍者数から平日昼の標準喫食人数を計算し、欠食登録があれば差し引きます）。
A5: ※日付が対象月の日数を超える行（29〜31日目で該当月に存在しない日）は空欄になります。
A7: 月間合計食数
B8: 朝食 | D8: 昼食 | F8: 夕食
B9: =SUM(C13:C43) -> 61 | D9: =SUM(D13:D43) -> 84 | F9: =SUM(E13:E43) -> 62
A12: 日付 | B12: 曜日 | C12: 朝食計 | D12: 昼食計 | E12: 夕食計
A13: =IF(MONTH($C$3+0)=MONTH($C$3),$C$3+0,"") -> 46235 | B13: =IF(A13="","",TEXT(A13,"aaa")) -> Sat | C13: =IF($A13="","",(COUNTIFS(利用者名簿!$B:$B,"男性入所",利用者名簿!$G:$G,"在籍")-COUNTIFS(食数記録!$A:$A,$A13,食数記録!$B:$B,"朝",食数記録!$F:$F,"男性入所",食数記録!$D:$D,"欠食"))+(COUNTIFS(利用者名簿!$B:$B,"女性入所",利用者名簿!$G:$G,"在籍")-COUNTIFS(食数記録!$A:$A,$A13,食数記録!$B:$B,"朝",食数記録!$F:$F,"女性入所",食数記録!$D:$D,"欠食"))+COUNTIFS(食数記録!$A:$A,$A13,食数記録!$B:$B,"朝",食数記録!$F:$F,"男性GH",食数記録!$D:$D,"臨時喫食")+COUNTIFS(食数記録!$A:$A,$A13,食数記録!$B:$B,"朝",食数記録!$F:$F,"女性GH",食数記録!$D:$D,"臨時喫食")+SUMIFS(職員食来客記録!$C:$C,職員食来客記録!$A:$A,$A13,職員食来客記録!$B:$B,"朝")+SUMIFS(職員食来客記録!$D:$D,職員食来客記録!$A:$A,$A13,職員食来客記録!$B:$B,"朝")) -> 2 | D13: =IF($A13="","",(COUNTIFS(利用者名簿!$B:$B,"男性入所",利用者名簿!$G:$G,"在籍")-COUNTIFS(食数記録!$A:$A,$A13,食数記録!$B:$B,"昼",食数記録!$F:$F,"男性入所",食数記録!$D:$D,"欠食"))+(COUNTIFS(利用者名簿!$B:$B,"女性入所",利用者名簿!$G:$G,"在籍")-COUNTIFS(食数記録!$A:$A,$A13,食数記録!$B:$B,"昼",食数記録!$F:$F,"女性入所",食数記録!$D:$D,"欠食"))+(IF(WEEKDAY($A13,2)<=5,COUNTIFS(利用者名簿!$B:$B,"男性GH",利用者名簿!$G:$G,"在籍")-COUNTIFS(食数記録!$A:$A,$A13,食数記録!$B:$B,"昼",食数記録!$F:$F,"男性GH",食数記録!$D:$D,"欠食"),COUNTIFS(食数記録!$A:$A,$A13,食数記録!$B:$B,"昼",食数記録!$F:$F,"男性GH",食数記録!$D:$D,"臨時喫食")))+(IF(WEEKDAY($A13,2)<=5,COUNTIFS(利用者名簿!$B:$B,"女性GH",利用者名簿!$G:$G,"在籍")-COUNTIFS(食数記録!$A:$A,$A13,食数記録!$B:$B,"昼",食数記録!$F:$F,"女性GH",食数記録!$D:$D,"欠食"),COUNTIFS(食数記録!$A:$A,$A13,食数記録!$B:$B,"昼",食数記録!$F:$F,"女性GH",食数記録!$D:$D,"臨時喫食")))+SUMIFS(職員食来客記録!$C:$C,職員食来客記録!$A:$A,$A13,職員食来客記録!$B:$B,"昼")+SUMIFS(職員食来客記録!$D:$D,職員食来客記録!$A:$A,$A13,職員食来客記録!$B:$B,"昼")) -> 2 | E13: =IF($A13="","",(COUNTIFS(利用者名簿!$B:$B,"男性入所",利用者名簿!$G:$G,"在籍")-COUNTIFS(食数記録!$A:$A,$A13,食数記録!$B:$B,"夕",食数記録!$F:$F,"男性入所",食数記録!$D:$D,"欠食"))+(COUNTIFS(利用者名簿!$B:$B,"女性入所",利用者名簿!$G:$G,"在籍")-COUNTIFS(食数記録!$A:$A,$A13,食数記録!$B:$B,"夕",食数記録!$F:$F,"女性入所",食数記録!$D:$D,"欠食"))+COUNTIFS(食数記録!$A:$A,$A13,食数記録!$B:$B,"夕",食数記録!$F:$F,"男性GH",食数記録!$D:$D,"臨時喫食")+COUNTIFS(食数記録!$A:$A,$A13,食数記録!$B:$B,"夕",食数記録!$F:$F,"女性GH",食数記録!$D:$D,"臨時喫食")+SUMIFS(職員食来客記録!$C:$C,職員食来客記録!$A:$A,$A13,職員食来客記録!$B:$B,"夕")+SUMIFS(職員食来客記録!$D:$D,職員食来客記録!$A:$A,$A13,職員食来客記録!$B:$B,"夕")) -> 2
A14: =IF(MONTH($C$3+1)=MONTH($C$3),$C$3+1,"") -> 46236 | B14: =IF(A14="","",TEXT(A14,"aaa")) -> Sun | C14: =IF($A14="","",(COUNTIFS(利用者名簿!$B:$B,"男性入所",利用者名簿!$G:$G,"在籍")-COUNTIFS(食数記録!$A:$A,$A14,食数記録!$B:$B,"朝",食数記録!$F:$F,"男性入所",食数記録!$D:$D,"欠食"))+(COUNTIFS(利用者名簿!$B:$B,"女性入所",利用者名簿!$G:$G,"在籍")-COUNTIFS(食数記録!$A:$A,$A14,食数記録!$B:$B,"朝",食数記録!$F:$F,"女性入所",食数記録!$D:$D,"欠食"))+COUNTIFS(食数記録!$A:$A,$A14,食数記録!$B:$B,"朝",食数記録!$F:$F,"男性GH",食数記録!$D:$D,"臨時喫食")+COUNTIFS(食数記録!$A:$A,$A14,食数記録!$B:$B,"朝",食数記録!$F:$F,"女性GH",食数記録!$D:$D,"臨時喫食")+SUMIFS(職員食来客記録!$C:$C,職員食来客記録!$A:$A,$A14,職員食来客記録!$B:$B,"朝")+SUMIFS(職員食来客記録!$D:$D,職員食来客記録!$A:$A,$A14,職員食来客記録!$B:$B,"朝")) -> 2 | D14: =IF($A14="","",(COUNTIFS(利用者名簿!$B:$B,"男性入所",利用者名簿!$G:$G,"在籍")-COUNTIFS(食数記録!$A:$A,$A14,食数記録!$B:$B,"昼",食数記録!$F:$F,"男性入所",食数記録!$D:$D,"欠食"))+(COUNTIFS(利用者名簿!$B:$B,"女性入所",利用者名簿!$G:$G,"在籍")-COUNTIFS(食数記録!$A:$A,$A14,食数記録!$B:$B,"昼",食数記録!$F:$F,"女性入所",食数記録!$D:$D,"欠食"))+(IF(WEEKDAY($A14,2)<=5,COUNTIFS(利用者名簿!$B:$B,"男性GH",利用者名簿!$G:$G,"在籍")-COUNTIFS(食数記録!$A:$A,$A14,食数記録!$B:$B,"昼",食数記録!$F:$F,"男性GH",食数記録!$D:$D,"欠食"),COUNTIFS(食数記録!$A:$A,$A14,食数記録!$B:$B,"昼",食数記録!$F:$F,"男性GH",食数記録!$D:$D,"臨時喫食")))+(IF(WEEKDAY($A14,2)<=5,COUNTIFS(利用者名簿!$B:$B,"女性GH",利用者名簿!$G:$G,"在籍")-COUNTIFS(食数記録!$A:$A,$A14,食数記録!$B:$B,"昼",食数記録!$F:$F,"女性GH",食数記録!$D:$D,"欠食"),COUNTIFS(食数記録!$A:$A,$A14,食数記録!$B:$B,"昼",食数記録!$F:$F,"女性GH",食数記録!$D:$D,"臨時喫食")))+SUMIFS(職員食来客記録!$C:$C,職員食来客記録!$A:$A,$A14,職員食来客記録!$B:$B,"昼")+SUMIFS(職員食来客記録!$D:$D,職員食来客記録!$A:$A,$A14,職員食来客記録!$B:$B,"昼")) -> 2 | E14: =IF($A14="","",(COUNTIFS(利用者名簿!$B:$B,"男性入所",利用者名簿!$G:$G,"在籍")-COUNTIFS(食数記録!$A:$A,$A14,食数記録!$B:$B,"夕",食数記録!$F:$F,"男性入所",食数記録!$D:$D,"欠食"))+(COUNTIFS(利用者名簿!$B:$B,"女性入所",利用者名簿!$G:$G,"在籍")-COUNTIFS(食数記録!$A:$A,$A14,食数記録!$B:$B,"夕",食数記録!$F:$F,"女性入所",食数記録!$D:$D,"欠食"))+COUNTIFS(食数記録!$A:$A,$A14,食数記録!$B:$B,"夕",食数記録!$F:$F,"男性GH",食数記録!$D:$D,"臨時喫食")+COUNTIFS(食数記録!$A:$A,$A14,食数記録!$B:$B,"夕",食数記録!$F:$F,"女性GH",食数記録!$D:$D,"臨時喫食")+SUMIFS(職員食来客記録!$C:$C,職員食来客記録!$A:$A,$A14,職員食来客記録!$B:$B,"夕")+SUMIFS(職員食来客記録!$D:$D,職員食来客記録!$A:$A,$A14,職員食来客記録!$B:$B,"夕")) -> 2
A15: =IF(MONTH($C$3+2)=MONTH($C$3),$C$3+2,"") -> 46237 | B15: =IF(A15="","",TEXT(A15,"aaa")) -> Mon | C15: =IF($A15="","",(COUNTIFS(利用者名簿!$B:$B,"男性入所",利用者名簿!$G:$G,"在籍")-COUNTIFS(食数記録!$A:$A,$A15,食数記録!$B:$B,"朝",食数記録!$F:$F,"男性入所",食数記録!$D:$D,"欠食"))+(COUNTIFS(利用者名簿!$B:$B,"女性入所",利用者名簿!$G:$G,"在籍")-COUNTIFS(食数記録!$A:$A,$A15,食数記録!$B:$B,"朝",食数記録!$F:$F,"女性入所",食数記録!$D:$D,"欠食"))+COUNTIFS(食数記録!$A:$A,$A15,食数記録!$B:$B,"朝",食数記録!$F:$F,"男性GH",食数記録!$D:$D,"臨時喫食")+COUNTIFS(食数記録!$A:$A,$A15,食数記録!$B:$B,"朝",食数記録!$F:$F,"女性GH",食数記録!$D:$D,"臨時喫食")+SUMIFS(職員食来客記録!$C:$C,職員食来客記録!$A:$A,$A15,職員食来客記録!$B:$B,"朝")+SUMIFS(職員食来客記録!$D:$D,職員食来客記録!$A:$A,$A15,職員食来客記録!$B:$B,"朝")) -> 2 | D15: =IF($A15="","",(COUNTIFS(利用者名簿!$B:$B,"男性入所",利用者名簿!$G:$G,"在籍")-COUNTIFS(食数記録!$A:$A,$A15,食数記録!$B:$B,"昼",食数記録!$F:$F,"男性入所",食数記録!$D:$D,"欠食"))+(COUNTIFS(利用者名簿!$B:$B,"女性入所",利用者名簿!$G:$G,"在籍")-COUNTIFS(食数記録!$A:$A,$A15,食数記録!$B:$B,"昼",食数記録!$F:$F,"女性入所",食数記録!$D:$D,"欠食"))+(IF(WEEKDAY($A15,2)<=5,COUNTIFS(利用者名簿!$B:$B,"男性GH",利用者名簿!$G:$G,"在籍")-COUNTIFS(食数記録!$A:$A,$A15,食数記録!$B:$B,"昼",食数記録!$F:$F,"男性GH",食数記録!$D:$D,"欠食"),COUNTIFS(食数記録!$A:$A,$A15,食数記録!$B:$B,"昼",食数記録!$F:$F,"男性GH",食数記録!$D:$D,"臨時喫食")))+(IF(WEEKDAY($A15,2)<=5,COUNTIFS(利用者名簿!$B:$B,"女性GH",利用者名簿!$G:$G,"在籍")-COUNTIFS(食数記録!$A:$A,$A15,食数記録!$B:$B,"昼",食数記録!$F:$F,"女性GH",食数記録!$D:$D,"欠食"),COUNTIFS(食数記録!$A:$A,$A15,食数記録!$B:$B,"昼",食数記録!$F:$F,"女性GH",食数記録!$D:$D,"臨時喫食")))+SUMIFS(職員食来客記録!$C:$C,職員食来客記録!$A:$A,$A15,職員食来客記録!$B:$B,"昼")+SUMIFS(職員食来客記録!$D:$D,職員食来客記録!$A:$A,$A15,職員食来客記録!$B:$B,"昼")) -> 3 | E15: =IF($A15="","",(COUNTIFS(利用者名簿!$B:$B,"男性入所",利用者名簿!$G:$G,"在籍")-COUNTIFS(食数記録!$A:$A,$A15,食数記録!$B:$B,"夕",食数記録!$F:$F,"男性入所",食数記録!$D:$D,"欠食"))+(COUNTIFS(利用者名簿!$B:$B,"女性入所",利用者名簿!$G:$G,"在籍")-COUNTIFS(食数記録!$A:$A,$A15,食数記録!$B:$B,"夕",食数記録!$F:$F,"女性入所",食数記録!$D:$D,"欠食"))+COUNTIFS(食数記録!$A:$A,$A15,食数記録!$B:$B,"夕",食数記録!$F:$F,"男性GH",食数記録!$D:$D,"臨時喫食")+COUNTIFS(食数記録!$A:$A,$A15,食数記録!$B:$B,"夕",食数記録!$F:$F,"女性GH",食数記録!$D:$D,"臨時喫食")+SUMIFS(職員食来客記録!$C:$C,職員食来客記録!$A:$A,$A15,職員食来客記録!$B:$B,"夕")+SUMIFS(職員食来客記録!$D:$D,職員食来客記録!$A:$A,$A15,職員食来客記録!$B:$B,"夕")) -> 2
A16: =IF(MONTH($C$3+3)=MONTH($C$3),$C$3+3,"") -> 46238 | B16: =IF(A16="","",TEXT(A16,"aaa")) -> Tue | C16: =IF($A16="","",(COUNTIFS(利用者名簿!$B:$B,"男性入所",利用者名簿!$G:$G,"在籍")-COUNTIFS(食数記録!$A:$A,$A16,食数記録!$B:$B,"朝",食数記録!$F:$F,"男性入所",食数記録!$D:$D,"欠食"))+(COUNTIFS(利用者名簿!$B:$B,"女性入所",利用者名簿!$G:$G,"在籍")-COUNTIFS(食数記録!$A:$A,$A16,食数記録!$B:$B,"朝",食数記録!$F:$F,"女性入所",食数記録!$D:$D,"欠食"))+COUNTIFS(食数記録!$A:$A,$A16,食数記録!$B:$B,"朝",食数記録!$F:$F,"男性GH",食数記録!$D:$D,"臨時喫食")+COUNTIFS(食数記録!$A:$A,$A16,食数記録!$B:$B,"朝",食数記録!$F:$F,"女性GH",食数記録!$D:$D,"臨時喫食")+SUMIFS(職員食来客記録!$C:$C,職員食来客記録!$A:$A,$A16,職員食来客記録!$B:$B,"朝")+SUMIFS(職員食来客記録!$D:$D,職員食来客記録!$A:$A,$A16,職員食来客記録!$B:$B,"朝")) -> 2 | D16: =IF($A16="","",(COUNTIFS(利用者名簿!$B:$B,"男性入所",利用者名簿!$G:$G,"在籍")-COUNTIFS(食数記録!$A:$A,$A16,食数記録!$B:$B,"昼",食数記録!$F:$F,"男性入所",食数記録!$D:$D,"欠食"))+(COUNTIFS(利用者名簿!$B:$B,"女性入所",利用者名簿!$G:$G,"在籍")-COUNTIFS(食数記録!$A:$A,$A16,食数記録!$B:$B,"昼",食数記録!$F:$F,"女性入所",食数記録!$D:$D,"欠食"))+(IF(WEEKDAY($A16,2)<=5,COUNTIFS(利用者名簿!$B:$B,"男性GH",利用者名簿!$G:$G,"在籍")-COUNTIFS(食数記録!$A:$A,$A16,食数記録!$B:$B,"昼",食数記録!$F:$F,"男性GH",食数記録!$D:$D,"欠食"),COUNTIFS(食数記録!$A:$A,$A16,食数記録!$B:$B,"昼",食数記録!$F:$F,"男性GH",食数記録!$D:$D,"臨時喫食")))+(IF(WEEKDAY($A16,2)<=5,COUNTIFS(利用者名簿!$B:$B,"女性GH",利用者名簿!$G:$G,"在籍")-COUNTIFS(食数記録!$A:$A,$A16,食数記録!$B:$B,"昼",食数記録!$F:$F,"女性GH",食数記録!$D:$D,"欠食"),COUNTIFS(食数記録!$A:$A,$A16,食数記録!$B:$B,"昼",食数記録!$F:$F,"女性GH",食数記録!$D:$D,"臨時喫食")))+SUMIFS(職員食来客記録!$C:$C,職員食来客記録!$A:$A,$A16,職員食来客記録!$B:$B,"昼")+SUMIFS(職員食来客記録!$D:$D,職員食来客記録!$A:$A,$A16,職員食来客記録!$B:$B,"昼")) -> 3 | E16: =IF($A16="","",(COUNTIFS(利用者名簿!$B:$B,"男性入所",利用者名簿!$G:$G,"在籍")-COUNTIFS(食数記録!$A:$A,$A16,食数記録!$B:$B,"夕",食数記録!$F:$F,"男性入所",食数記録!$D:$D,"欠食"))+(COUNTIFS(利用者名簿!$B:$B,"女性入所",利用者名簿!$G:$G,"在籍")-COUNTIFS(食数記録!$A:$A,$A16,食数記録!$B:$B,"夕",食数記録!$F:$F,"女性入所",食数記録!$D:$D,"欠食"))+COUNTIFS(食数記録!$A:$A,$A16,食数記録!$B:$B,"夕",食数記録!$F:$F,"男性GH",食数記録!$D:$D,"臨時喫食")+COUNTIFS(食数記録!$A:$A,$A16,食数記録!$B:$B,"夕",食数記録!$F:$F,"女性GH",食数記録!$D:$D,"臨時喫食")+SUMIFS(職員食来客記録!$C:$C,職員食来客記録!$A:$A,$A16,職員食来客記録!$B:$B,"夕")+SUMIFS(職員食来客記録!$D:$D,職員食来客記録!$A:$A,$A16,職員食来客記録!$B:$B,"夕")) -> 2
A17: =IF(MONTH($C$3+4)=MONTH($C$3),$C$3+4,"") -> 46239 | B17: =IF(A17="","",TEXT(A17,"aaa")) -> Wed | C17: =IF($A17="","",(COUNTIFS(利用者名簿!$B:$B,"男性入所",利用者名簿!$G:$G,"在籍")-COUNTIFS(食数記録!$A:$A,$A17,食数記録!$B:$B,"朝",食数記録!$F:$F,"男性入所",食数記録!$D:$D,"欠食"))+(COUNTIFS(利用者名簿!$B:$B,"女性入所",利用者名簿!$G:$G,"在籍")-COUNTIFS(食数記録!$A:$A,$A17,食数記録!$B:$B,"朝",食数記録!$F:$F,"女性入所",食数記録!$D:$D,"欠食"))+COUNTIFS(食数記録!$A:$A,$A17,食数記録!$B:$B,"朝",食数記録!$F:$F,"男性GH",食数記録!$D:$D,"臨時喫食")+COUNTIFS(食数記録!$A:$A,$A17,食数記録!$B:$B,"朝",食数記録!$F:$F,"女性GH",食数記録!$D:$D,"臨時喫食")+SUMIFS(職員食来客記録!$C:$C,職員食来客記録!$A:$A,$A17,職員食来客記録!$B:$B,"朝")+SUMIFS(職員食来客記録!$D:$D,職員食来客記録!$A:$A,$A17,職員食来客記録!$B:$B,"朝")) -> 2 | D17: =IF($A17="","",(COUNTIFS(利用者名簿!$B:$B,"男性入所",利用者名簿!$G:$G,"在籍")-COUNTIFS(食数記録!$A:$A,$A17,食数記録!$B:$B,"昼",食数記録!$F:$F,"男性入所",食数記録!$D:$D,"欠食"))+(COUNTIFS(利用者名簿!$B:$B,"女性入所",利用者名簿!$G:$G,"在籍")-COUNTIFS(食数記録!$A:$A,$A17,食数記録!$B:$B,"昼",食数記録!$F:$F,"女性入所",食数記録!$D:$D,"欠食"))+(IF(WEEKDAY($A17,2)<=5,COUNTIFS(利用者名簿!$B:$B,"男性GH",利用者名簿!$G:$G,"在籍")-COUNTIFS(食数記録!$A:$A,$A17,食数記録!$B:$B,"昼",食数記録!$F:$F,"男性GH",食数記録!$D:$D,"欠食"),COUNTIFS(食数記録!$A:$A,$A17,食数記録!$B:$B,"昼",食数記録!$F:$F,"男性GH",食数記録!$D:$D,"臨時喫食")))+(IF(WEEKDAY($A17,2)<=5,COUNTIFS(利用者名簿!$B:$B,"女性GH",利用者名簿!$G:$G,"在籍")-COUNTIFS(食数記録!$A:$A,$A17,食数記録!$B:$B,"昼",食数記録!$F:$F,"女性GH",食数記録!$D:$D,"欠食"),COUNTIFS(食数記録!$A:$A,$A17,食数記録!$B:$B,"昼",食数記録!$F:$F,"女性GH",食数記録!$D:$D,"臨時喫食")))+SUMIFS(職員食来客記録!$C:$C,職員食来客記録!$A:$A,$A17,職員食来客記録!$B:$B,"昼")+SUMIFS(職員食来客記録!$D:$D,職員食来客記録!$A:$A,$A17,職員食来客記録!$B:$B,"昼")) -> 3 | E17: =IF($A17="","",(COUNTIFS(利用者名簿!$B:$B,"男性入所",利用者名簿!$G:$G,"在籍")-COUNTIFS(食数記録!$A:$A,$A17,食数記録!$B:$B,"夕",食数記録!$F:$F,"男性入所",食数記録!$D:$D,"欠食"))+(COUNTIFS(利用者名簿!$B:$B,"女性入所",利用者名簿!$G:$G,"在籍")-COUNTIFS(食数記録!$A:$A,$A17,食数記録!$B:$B,"夕",食数記録!$F:$F,"女性入所",食数記録!$D:$D,"欠食"))+COUNTIFS(食数記録!$A:$A,$A17,食数記録!$B:$B,"夕",食数記録!$F:$F,"男性GH",食数記録!$D:$D,"臨時喫食")+COUNTIFS(食数記録!$A:$A,$A17,食数記録!$B:$B,"夕",食数記録!$F:$F,"女性GH",食数記録!$D:$D,"臨時喫食")+SUMIFS(職員食来客記録!$C:$C,職員食来客記録!$A:$A,$A17,職員食来客記録!$B:$B,"夕")+SUMIFS(職員食来客記録!$D:$D,職員食来客記録!$A:$A,$A17,職員食来客記録!$B:$B,"夕")) -> 2
A18: =IF(MONTH($C$3+5)=MONTH($C$3),$C$3+5,"") -> 46240 | B18: =IF(A18="","",TEXT(A18,"aaa")) -> Thu | C18: =IF($A18="","",(COUNTIFS(利用者名簿!$B:$B,"男性入所",利用者名簿!$G:$G,"在籍")-COUNTIFS(食数記録!$A:$A,$A18,食数記録!$B:$B,"朝",食数記録!$F:$F,"男性入所",食数記録!$D:$D,"欠食"))+(COUNTIFS(利用者名簿!$B:$B,"女性入所",利用者名簿!$G:$G,"在籍")-COUNTIFS(食数記録!$A:$A,$A18,食数記録!$B:$B,"朝",食数記録!$F:$F,"女性入所",食数記録!$D:$D,"欠食"))+COUNTIFS(食数記録!$A:$A,$A18,食数記録!$B:$B,"朝",食数記録!$F:$F,"男性GH",食数記録!$D:$D,"臨時喫食")+COUNTIFS(食数記録!$A:$A,$A18,食数記録!$B:$B,"朝",食数記録!$F:$F,"女性GH",食数記録!$D:$D,"臨時喫食")+SUMIFS(職員食来客記録!$C:$C,職員食来客記録!$A:$A,$A18,職員食来客記録!$B:$B,"朝")+SUMIFS(職員食来客記録!$D:$D,職員食来客記録!$A:$A,$A18,職員食来客記録!$B:$B,"朝")) -> 2 | D18: =IF($A18="","",(COUNTIFS(利用者名簿!$B:$B,"男性入所",利用者名簿!$G:$G,"在籍")-COUNTIFS(食数記録!$A:$A,$A18,食数記録!$B:$B,"昼",食数記録!$F:$F,"男性入所",食数記録!$D:$D,"欠食"))+(COUNTIFS(利用者名簿!$B:$B,"女性入所",利用者名簿!$G:$G,"在籍")-COUNTIFS(食数記録!$A:$A,$A18,食数記録!$B:$B,"昼",食数記録!$F:$F,"女性入所",食数記録!$D:$D,"欠食"))+(IF(WEEKDAY($A18,2)<=5,COUNTIFS(利用者名簿!$B:$B,"男性GH",利用者名簿!$G:$G,"在籍")-COUNTIFS(食数記録!$A:$A,$A18,食数記録!$B:$B,"昼",食数記録!$F:$F,"男性GH",食数記録!$D:$D,"欠食"),COUNTIFS(食数記録!$A:$A,$A18,食数記録!$B:$B,"昼",食数記録!$F:$F,"男性GH",食数記録!$D:$D,"臨時喫食")))+(IF(WEEKDAY($A18,2)<=5,COUNTIFS(利用者名簿!$B:$B,"女性GH",利用者名簿!$G:$G,"在籍")-COUNTIFS(食数記録!$A:$A,$A18,食数記録!$B:$B,"昼",食数記録!$F:$F,"女性GH",食数記録!$D:$D,"欠食"),COUNTIFS(食数記録!$A:$A,$A18,食数記録!$B:$B,"昼",食数記録!$F:$F,"女性GH",食数記録!$D:$D,"臨時喫食")))+SUMIFS(職員食来客記録!$C:$C,職員食来客記録!$A:$A,$A18,職員食来客記録!$B:$B,"昼")+SUMIFS(職員食来客記録!$D:$D,職員食来客記録!$A:$A,$A18,職員食来客記録!$B:$B,"昼")) -> 3 | E18: =IF($A18="","",(COUNTIFS(利用者名簿!$B:$B,"男性入所",利用者名簿!$G:$G,"在籍")-COUNTIFS(食数記録!$A:$A,$A18,食数記録!$B:$B,"夕",食数記録!$F:$F,"男性入所",食数記録!$D:$D,"欠食"))+(COUNTIFS(利用者名簿!$B:$B,"女性入所",利用者名簿!$G:$G,"在籍")-COUNTIFS(食数記録!$A:$A,$A18,食数記録!$B:$B,"夕",食数記録!$F:$F,"女性入所",食数記録!$D:$D,"欠食"))+COUNTIFS(食数記録!$A:$A,$A18,食数記録!$B:$B,"夕",食数記録!$F:$F,"男性GH",食数記録!$D:$D,"臨時喫食")+COUNTIFS(食数記録!$A:$A,$A18,食数記録!$B:$B,"夕",食数記録!$F:$F,"女性GH",食数記録!$D:$D,"臨時喫食")+SUMIFS(職員食来客記録!$C:$C,職員食来客記録!$A:$A,$A18,職員食来客記録!$B:$B,"夕")+SUMIFS(職員食来客記録!$D:$D,職員食来客記録!$A:$A,$A18,職員食来客記録!$B:$B,"夕")) -> 2
A19: =IF(MONTH($C$3+6)=MONTH($C$3),$C$3+6,"") -> 46241 | B19: =IF(A19="","",TEXT(A19,"aaa")) -> Fri | C19: =IF($A19="","",(COUNTIFS(利用者名簿!$B:$B,"男性入所",利用者名簿!$G:$G,"在籍")-COUNTIFS(食数記録!$A:$A,$A19,食数記録!$B:$B,"朝",食数記録!$F:$F,"男性入所",食数記録!$D:$D,"欠食"))+(COUNTIFS(利用者名簿!$B:$B,"女性入所",利用者名簿!$G:$G,"在籍")-COUNTIFS(食数記録!$A:$A,$A19,食数記録!$B:$B,"朝",食数記録!$F:$F,"女性入所",食数記録!$D:$D,"欠食"))+COUNTIFS(食数記録!$A:$A,$A19,食数記録!$B:$B,"朝",食数記録!$F:$F,"男性GH",食数記録!$D:$D,"臨時喫食")+COUNTIFS(食数記録!$A:$A,$A19,食数記録!$B:$B,"朝",食数記録!$F:$F,"女性GH",食数記録!$D:$D,"臨時喫食")+SUMIFS(職員食来客記録!$C:$C,職員食来客記録!$A:$A,$A19,職員食来客記録!$B:$B,"朝")+SUMIFS(職員食来客記録!$D:$D,職員食来客記録!$A:$A,$A19,職員食来客記録!$B:$B,"朝")) -> 2 | D19: =IF($A19="","",(COUNTIFS(利用者名簿!$B:$B,"男性入所",利用者名簿!$G:$G,"在籍")-COUNTIFS(食数記録!$A:$A,$A19,食数記録!$B:$B,"昼",食数記録!$F:$F,"男性入所",食数記録!$D:$D,"欠食"))+(COUNTIFS(利用者名簿!$B:$B,"女性入所",利用者名簿!$G:$G,"在籍")-COUNTIFS(食数記録!$A:$A,$A19,食数記録!$B:$B,"昼",食数記録!$F:$F,"女性入所",食数記録!$D:$D,"欠食"))+(IF(WEEKDAY($A19,2)<=5,COUNTIFS(利用者名簿!$B:$B,"男性GH",利用者名簿!$G:$G,"在籍")-COUNTIFS(食数記録!$A:$A,$A19,食数記録!$B:$B,"昼",食数記録!$F:$F,"男性GH",食数記録!$D:$D,"欠食"),COUNTIFS(食数記録!$A:$A,$A19,食数記録!$B:$B,"昼",食数記録!$F:$F,"男性GH",食数記録!$D:$D,"臨時喫食")))+(IF(WEEKDAY($A19,2)<=5,COUNTIFS(利用者名簿!$B:$B,"女性GH",利用者名簿!$G:$G,"在籍")-COUNTIFS(食数記録!$A:$A,$A19,食数記録!$B:$B,"昼",食数記録!$F:$F,"女性GH",食数記録!$D:$D,"欠食"),COUNTIFS(食数記録!$A:$A,$A19,食数記録!$B:$B,"昼",食数記録!$F:$F,"女性GH",食数記録!$D:$D,"臨時喫食")))+SUMIFS(職員食来客記録!$C:$C,職員食来客記録!$A:$A,$A19,職員食来客記録!$B:$B,"昼")+SUMIFS(職員食来客記録!$D:$D,職員食来客記録!$A:$A,$A19,職員食来客記録!$B:$B,"昼")) -> 3 | E19: =IF($A19="","",(COUNTIFS(利用者名簿!$B:$B,"男性入所",利用者名簿!$G:$G,"在籍")-COUNTIFS(食数記録!$A:$A,$A19,食数記録!$B:$B,"夕",食数記録!$F:$F,"男性入所",食数記録!$D:$D,"欠食"))+(COUNTIFS(利用者名簿!$B:$B,"女性入所",利用者名簿!$G:$G,"在籍")-COUNTIFS(食数記録!$A:$A,$A19,食数記録!$B:$B,"夕",食数記録!$F:$F,"女性入所",食数記録!$D:$D,"欠食"))+COUNTIFS(食数記録!$A:$A,$A19,食数記録!$B:$B,"夕",食数記録!$F:$F,"男性GH",食数記録!$D:$D,"臨時喫食")+COUNTIFS(食数記録!$A:$A,$A19,食数記録!$B:$B,"夕",食数記録!$F:$F,"女性GH",食数記録!$D:$D,"臨時喫食")+SUMIFS(職員食来客記録!$C:$C,職員食来客記録!$A:$A,$A19,職員食来客記録!$B:$B,"夕")+SUMIFS(職員食来客記録!$D:$D,職員食来客記録!$A:$A,$A19,職員食来客記録!$B:$B,"夕")) -> 2
A20: =IF(MONTH($C$3+7)=MONTH($C$3),$C$3+7,"") -> 46242 | B20: =IF(A20="","",TEXT(A20,"aaa")) -> Sat | C20: =IF($A20="","",(COUNTIFS(利用者名簿!$B:$B,"男性入所",利用者名簿!$G:$G,"在籍")-COUNTIFS(食数記録!$A:$A,$A20,食数記録!$B:$B,"朝",食数記録!$F:$F,"男性入所",食数記録!$D:$D,"欠食"))+(COUNTIFS(利用者名簿!$B:$B,"女性入所",利用者名簿!$G:$G,"在籍")-COUNTIFS(食数記録!$A:$A,$A20,食数記録!$B:$B,"朝",食数記録!$F:$F,"女性入所",食数記録!$D:$D,"欠食"))+COUNTIFS(食数記録!$A:$A,$A20,食数記録!$B:$B,"朝",食数記録!$F:$F,"男性GH",食数記録!$D:$D,"臨時喫食")+COUNTIFS(食数記録!$A:$A,$A20,食数記録!$B:$B,"朝",食数記録!$F:$F,"女性GH",食数記録!$D:$D,"臨時喫食")+SUMIFS(職員食来客記録!$C:$C,職員食来客記録!$A:$A,$A20,職員食来客記録!$B:$B,"朝")+SUMIFS(職員食来客記録!$D:$D,職員食来客記録!$A:$A,$A20,職員食来客記録!$B:$B,"朝")) -> 2 | D20: =IF($A20="","",(COUNTIFS(利用者名簿!$B:$B,"男性入所",利用者名簿!$G:$G,"在籍")-COUNTIFS(食数記録!$A:$A,$A20,食数記録!$B:$B,"昼",食数記録!$F:$F,"男性入所",食数記録!$D:$D,"欠食"))+(COUNTIFS(利用者名簿!$B:$B,"女性入所",利用者名簿!$G:$G,"在籍")-COUNTIFS(食数記録!$A:$A,$A20,食数記録!$B:$B,"昼",食数記録!$F:$F,"女性入所",食数記録!$D:$D,"欠食"))+(IF(WEEKDAY($A20,2)<=5,COUNTIFS(利用者名簿!$B:$B,"男性GH",利用者名簿!$G:$G,"在籍")-COUNTIFS(食数記録!$A:$A,$A20,食数記録!$B:$B,"昼",食数記録!$F:$F,"男性GH",食数記録!$D:$D,"欠食"),COUNTIFS(食数記録!$A:$A,$A20,食数記録!$B:$B,"昼",食数記録!$F:$F,"男性GH",食数記録!$D:$D,"臨時喫食")))+(IF(WEEKDAY($A20,2)<=5,COUNTIFS(利用者名簿!$B:$B,"女性GH",利用者名簿!$G:$G,"在籍")-COUNTIFS(食数記録!$A:$A,$A20,食数記録!$B:$B,"昼",食数記録!$F:$F,"女性GH",食数記録!$D:$D,"欠食"),COUNTIFS(食数記録!$A:$A,$A20,食数記録!$B:$B,"昼",食数記録!$F:$F,"女性GH",食数記録!$D:$D,"臨時喫食")))+SUMIFS(職員食来客記録!$C:$C,職員食来客記録!$A:$A,$A20,職員食来客記録!$B:$B,"昼")+SUMIFS(職員食来客記録!$D:$D,職員食来客記録!$A:$A,$A20,職員食来客記録!$B:$B,"昼")) -> 2 | E20: =IF($A20="","",(COUNTIFS(利用者名簿!$B:$B,"男性入所",利用者名簿!$G:$G,"在籍")-COUNTIFS(食数記録!$A:$A,$A20,食数記録!$B:$B,"夕",食数記録!$F:$F,"男性入所",食数記録!$D:$D,"欠食"))+(COUNTIFS(利用者名簿!$B:$B,"女性入所",利用者名簿!$G:$G,"在籍")-COUNTIFS(食数記録!$A:$A,$A20,食数記録!$B:$B,"夕",食数記録!$F:$F,"女性入所",食数記録!$D:$D,"欠食"))+COUNTIFS(食数記録!$A:$A,$A20,食数記録!$B:$B,"夕",食数記録!$F:$F,"男性GH",食数記録!$D:$D,"臨時喫食")+COUNTIFS(食数記録!$A:$A,$A20,食数記録!$B:$B,"夕",食数記録!$F:$F,"女性GH",食数記録!$D:$D,"臨時喫食")+SUMIFS(職員食来客記録!$C:$C,職員食来客記録!$A:$A,$A20,職員食来客記録!$B:$B,"夕")+SUMIFS(職員食来客記録!$D:$D,職員食来客記録!$A:$A,$A20,職員食来客記録!$B:$B,"夕")) -> 2
A21: =IF(MONTH($C$3+8)=MONTH($C$3),$C$3+8,"") -> 46243 | B21: =IF(A21="","",TEXT(A21,"aaa")) -> Sun | C21: =IF($A21="","",(COUNTIFS(利用者名簿!$B:$B,"男性入所",利用者名簿!$G:$G,"在籍")-COUNTIFS(食数記録!$A:$A,$A21,食数記録!$B:$B,"朝",食数記録!$F:$F,"男性入所",食数記録!$D:$D,"欠食"))+(COUNTIFS(利用者名簿!$B:$B,"女性入所",利用者名簿!$G:$G,"在籍")-COUNTIFS(食数記録!$A:$A,$A21,食数記録!$B:$B,"朝",食数記録!$F:$F,"女性入所",食数記録!$D:$D,"欠食"))+COUNTIFS(食数記録!$A:$A,$A21,食数記録!$B:$B,"朝",食数記録!$F:$F,"男性GH",食数記録!$D:$D,"臨時喫食")+COUNTIFS(食数記録!$A:$A,$A21,食数記録!$B:$B,"朝",食数記録!$F:$F,"女性GH",食数記録!$D:$D,"臨時喫食")+SUMIFS(職員食来客記録!$C:$C,職員食来客記録!$A:$A,$A21,職員食来客記録!$B:$B,"朝")+SUMIFS(職員食来客記録!$D:$D,職員食来客記録!$A:$A,$A21,職員食来客記録!$B:$B,"朝")) -> 2 | D21: =IF($A21="","",(COUNTIFS(利用者名簿!$B:$B,"男性入所",利用者名簿!$G:$G,"在籍")-COUNTIFS(食数記録!$A:$A,$A21,食数記録!$B:$B,"昼",食数記録!$F:$F,"男性入所",食数記録!$D:$D,"欠食"))+(COUNTIFS(利用者名簿!$B:$B,"女性入所",利用者名簿!$G:$G,"在籍")-COUNTIFS(食数記録!$A:$A,$A21,食数記録!$B:$B,"昼",食数記録!$F:$F,"女性入所",食数記録!$D:$D,"欠食"))+(IF(WEEKDAY($A21,2)<=5,COUNTIFS(利用者名簿!$B:$B,"男性GH",利用者名簿!$G:$G,"在籍")-COUNTIFS(食数記録!$A:$A,$A21,食数記録!$B:$B,"昼",食数記録!$F:$F,"男性GH",食数記録!$D:$D,"欠食"),COUNTIFS(食数記録!$A:$A,$A21,食数記録!$B:$B,"昼",食数記録!$F:$F,"男性GH",食数記録!$D:$D,"臨時喫食")))+(IF(WEEKDAY($A21,2)<=5,COUNTIFS(利用者名簿!$B:$B,"女性GH",利用者名簿!$G:$G,"在籍")-COUNTIFS(食数記録!$A:$A,$A21,食数記録!$B:$B,"昼",食数記録!$F:$F,"女性GH",食数記録!$D:$D,"欠食"),COUNTIFS(食数記録!$A:$A,$A21,食数記録!$B:$B,"昼",食数記録!$F:$F,"女性GH",食数記録!$D:$D,"臨時喫食")))+SUMIFS(職員食来客記録!$C:$C,職員食来客記録!$A:$A,$A21,職員食来客記録!$B:$B,"昼")+SUMIFS(職員食来客記録!$D:$D,職員食来客記録!$A:$A,$A21,職員食来客記録!$B:$B,"昼")) -> 2 | E21: =IF($A21="","",(COUNTIFS(利用者名簿!$B:$B,"男性入所",利用者名簿!$G:$G,"在籍")-COUNTIFS(食数記録!$A:$A,$A21,食数記録!$B:$B,"夕",食数記録!$F:$F,"男性入所",食数記録!$D:$D,"欠食"))+(COUNTIFS(利用者名簿!$B:$B,"女性入所",利用者名簿!$G:$G,"在籍")-COUNTIFS(食数記録!$A:$A,$A21,食数記録!$B:$B,"夕",食数記録!$F:$F,"女性入所",食数記録!$D:$D,"欠食"))+COUNTIFS(食数記録!$A:$A,$A21,食数記録!$B:$B,"夕",食数記録!$F:$F,"男性GH",食数記録!$D:$D,"臨時喫食")+COUNTIFS(食数記録!$A:$A,$A21,食数記録!$B:$B,"夕",食数記録!$F:$F,"女性GH",食数記録!$D:$D,"臨時喫食")+SUMIFS(職員食来客記録!$C:$C,職員食来客記録!$A:$A,$A21,職員食来客記録!$B:$B,"夕")+SUMIFS(職員食来客記録!$D:$D,職員食来客記録!$A:$A,$A21,職員食来客記録!$B:$B,"夕")) -> 2
A22: =IF(MONTH($C$3+9)=MONTH($C$3),$C$3+9,"") -> 46244 | B22: =IF(A22="","",TEXT(A22,"aaa")) -> Mon | C22: =IF($A22="","",(COUNTIFS(利用者名簿!$B:$B,"男性入所",利用者名簿!$G:$G,"在籍")-COUNTIFS(食数記録!$A:$A,$A22,食数記録!$B:$B,"朝",食数記録!$F:$F,"男性入所",食数記録!$D:$D,"欠食"))+(COUNTIFS(利用者名簿!$B:$B,"女性入所",利用者名簿!$G:$G,"在籍")-COUNTIFS(食数記録!$A:$A,$A22,食数記録!$B:$B,"朝",食数記録!$F:$F,"女性入所",食数記録!$D:$D,"欠食"))+COUNTIFS(食数記録!$A:$A,$A22,食数記録!$B:$B,"朝",食数記録!$F:$F,"男性GH",食数記録!$D:$D,"臨時喫食")+COUNTIFS(食数記録!$A:$A,$A22,食数記録!$B:$B,"朝",食数記録!$F:$F,"女性GH",食数記録!$D:$D,"臨時喫食")+SUMIFS(職員食来客記録!$C:$C,職員食来客記録!$A:$A,$A22,職員食来客記録!$B:$B,"朝")+SUMIFS(職員食来客記録!$D:$D,職員食来客記録!$A:$A,$A22,職員食来客記録!$B:$B,"朝")) -> 2 | D22: =IF($A22="","",(COUNTIFS(利用者名簿!$B:$B,"男性入所",利用者名簿!$G:$G,"在籍")-COUNTIFS(食数記録!$A:$A,$A22,食数記録!$B:$B,"昼",食数記録!$F:$F,"男性入所",食数記録!$D:$D,"欠食"))+(COUNTIFS(利用者名簿!$B:$B,"女性入所",利用者名簿!$G:$G,"在籍")-COUNTIFS(食数記録!$A:$A,$A22,食数記録!$B:$B,"昼",食数記録!$F:$F,"女性入所",食数記録!$D:$D,"欠食"))+(IF(WEEKDAY($A22,2)<=5,COUNTIFS(利用者名簿!$B:$B,"男性GH",利用者名簿!$G:$G,"在籍")-COUNTIFS(食数記録!$A:$A,$A22,食数記録!$B:$B,"昼",食数記録!$F:$F,"男性GH",食数記録!$D:$D,"欠食"),COUNTIFS(食数記録!$A:$A,$A22,食数記録!$B:$B,"昼",食数記録!$F:$F,"男性GH",食数記録!$D:$D,"臨時喫食")))+(IF(WEEKDAY($A22,2)<=5,COUNTIFS(利用者名簿!$B:$B,"女性GH",利用者名簿!$G:$G,"在籍")-COUNTIFS(食数記録!$A:$A,$A22,食数記録!$B:$B,"昼",食数記録!$F:$F,"女性GH",食数記録!$D:$D,"欠食"),COUNTIFS(食数記録!$A:$A,$A22,食数記録!$B:$B,"昼",食数記録!$F:$F,"女性GH",食数記録!$D:$D,"臨時喫食")))+SUMIFS(職員食来客記録!$C:$C,職員食来客記録!$A:$A,$A22,職員食来客記録!$B:$B,"昼")+SUMIFS(職員食来客記録!$D:$D,職員食来客記録!$A:$A,$A22,職員食来客記録!$B:$B,"昼")) -> 3 | E22: =IF($A22="","",(COUNTIFS(利用者名簿!$B:$B,"男性入所",利用者名簿!$G:$G,"在籍")-COUNTIFS(食数記録!$A:$A,$A22,食数記録!$B:$B,"夕",食数記録!$F:$F,"男性入所",食数記録!$D:$D,"欠食"))+(COUNTIFS(利用者名簿!$B:$B,"女性入所",利用者名簿!$G:$G,"在籍")-COUNTIFS(食数記録!$A:$A,$A22,食数記録!$B:$B,"夕",食数記録!$F:$F,"女性入所",食数記録!$D:$D,"欠食"))+COUNTIFS(食数記録!$A:$A,$A22,食数記録!$B:$B,"夕",食数記録!$F:$F,"男性GH",食数記録!$D:$D,"臨時喫食")+COUNTIFS(食数記録!$A:$A,$A22,食数記録!$B:$B,"夕",食数記録!$F:$F,"女性GH",食数記録!$D:$D,"臨時喫食")+SUMIFS(職員食来客記録!$C:$C,職員食来客記録!$A:$A,$A22,職員食来客記録!$B:$B,"夕")+SUMIFS(職員食来客記録!$D:$D,職員食来客記録!$A:$A,$A22,職員食来客記録!$B:$B,"夕")) -> 2
A23: =IF(MONTH($C$3+10)=MONTH($C$3),$C$3+10,"") -> 46245 | B23: =IF(A23="","",TEXT(A23,"aaa")) -> Tue | C23: =IF($A23="","",(COUNTIFS(利用者名簿!$B:$B,"男性入所",利用者名簿!$G:$G,"在籍")-COUNTIFS(食数記録!$A:$A,$A23,食数記録!$B:$B,"朝",食数記録!$F:$F,"男性入所",食数記録!$D:$D,"欠食"))+(COUNTIFS(利用者名簿!$B:$B,"女性入所",利用者名簿!$G:$G,"在籍")-COUNTIFS(食数記録!$A:$A,$A23,食数記録!$B:$B,"朝",食数記録!$F:$F,"女性入所",食数記録!$D:$D,"欠食"))+COUNTIFS(食数記録!$A:$A,$A23,食数記録!$B:$B,"朝",食数記録!$F:$F,"男性GH",食数記録!$D:$D,"臨時喫食")+COUNTIFS(食数記録!$A:$A,$A23,食数記録!$B:$B,"朝",食数記録!$F:$F,"女性GH",食数記録!$D:$D,"臨時喫食")+SUMIFS(職員食来客記録!$C:$C,職員食来客記録!$A:$A,$A23,職員食来客記録!$B:$B,"朝")+SUMIFS(職員食来客記録!$D:$D,職員食来客記録!$A:$A,$A23,職員食来客記録!$B:$B,"朝")) -> 2 | D23: =IF($A23="","",(COUNTIFS(利用者名簿!$B:$B,"男性入所",利用者名簿!$G:$G,"在籍")-COUNTIFS(食数記録!$A:$A,$A23,食数記録!$B:$B,"昼",食数記録!$F:$F,"男性入所",食数記録!$D:$D,"欠食"))+(COUNTIFS(利用者名簿!$B:$B,"女性入所",利用者名簿!$G:$G,"在籍")-COUNTIFS(食数記録!$A:$A,$A23,食数記録!$B:$B,"昼",食数記録!$F:$F,"女性入所",食数記録!$D:$D,"欠食"))+(IF(WEEKDAY($A23,2)<=5,COUNTIFS(利用者名簿!$B:$B,"男性GH",利用者名簿!$G:$G,"在籍")-COUNTIFS(食数記録!$A:$A,$A23,食数記録!$B:$B,"昼",食数記録!$F:$F,"男性GH",食数記録!$D:$D,"欠食"),COUNTIFS(食数記録!$A:$A,$A23,食数記録!$B:$B,"昼",食数記録!$F:$F,"男性GH",食数記録!$D:$D,"臨時喫食")))+(IF(WEEKDAY($A23,2)<=5,COUNTIFS(利用者名簿!$B:$B,"女性GH",利用者名簿!$G:$G,"在籍")-COUNTIFS(食数記録!$A:$A,$A23,食数記録!$B:$B,"昼",食数記録!$F:$F,"女性GH",食数記録!$D:$D,"欠食"),COUNTIFS(食数記録!$A:$A,$A23,食数記録!$B:$B,"昼",食数記録!$F:$F,"女性GH",食数記録!$D:$D,"臨時喫食")))+SUMIFS(職員食来客記録!$C:$C,職員食来客記録!$A:$A,$A23,職員食来客記録!$B:$B,"昼")+SUMIFS(職員食来客記録!$D:$D,職員食来客記録!$A:$A,$A23,職員食来客記録!$B:$B,"昼")) -> 3 | E23: =IF($A23="","",(COUNTIFS(利用者名簿!$B:$B,"男性入所",利用者名簿!$G:$G,"在籍")-COUNTIFS(食数記録!$A:$A,$A23,食数記録!$B:$B,"夕",食数記録!$F:$F,"男性入所",食数記録!$D:$D,"欠食"))+(COUNTIFS(利用者名簿!$B:$B,"女性入所",利用者名簿!$G:$G,"在籍")-COUNTIFS(食数記録!$A:$A,$A23,食数記録!$B:$B,"夕",食数記録!$F:$F,"女性入所",食数記録!$D:$D,"欠食"))+COUNTIFS(食数記録!$A:$A,$A23,食数記録!$B:$B,"夕",食数記録!$F:$F,"男性GH",食数記録!$D:$D,"臨時喫食")+COUNTIFS(食数記録!$A:$A,$A23,食数記録!$B:$B,"夕",食数記録!$F:$F,"女性GH",食数記録!$D:$D,"臨時喫食")+SUMIFS(職員食来客記録!$C:$C,職員食来客記録!$A:$A,$A23,職員食来客記録!$B:$B,"夕")+SUMIFS(職員食来客記録!$D:$D,職員食来客記録!$A:$A,$A23,職員食来客記録!$B:$B,"夕")) -> 2
A24: =IF(MONTH($C$3+11)=MONTH($C$3),$C$3+11,"") -> 46246 | B24: =IF(A24="","",TEXT(A24,"aaa")) -> Wed | C24: =IF($A24="","",(COUNTIFS(利用者名簿!$B:$B,"男性入所",利用者名簿!$G:$G,"在籍")-COUNTIFS(食数記録!$A:$A,$A24,食数記録!$B:$B,"朝",食数記録!$F:$F,"男性入所",食数記録!$D:$D,"欠食"))+(COUNTIFS(利用者名簿!$B:$B,"女性入所",利用者名簿!$G:$G,"在籍")-COUNTIFS(食数記録!$A:$A,$A24,食数記録!$B:$B,"朝",食数記録!$F:$F,"女性入所",食数記録!$D:$D,"欠食"))+COUNTIFS(食数記録!$A:$A,$A24,食数記録!$B:$B,"朝",食数記録!$F:$F,"男性GH",食数記録!$D:$D,"臨時喫食")+COUNTIFS(食数記録!$A:$A,$A24,食数記録!$B:$B,"朝",食数記録!$F:$F,"女性GH",食数記録!$D:$D,"臨時喫食")+SUMIFS(職員食来客記録!$C:$C,職員食来客記録!$A:$A,$A24,職員食来客記録!$B:$B,"朝")+SUMIFS(職員食来客記録!$D:$D,職員食来客記録!$A:$A,$A24,職員食来客記録!$B:$B,"朝")) -> 2 | D24: =IF($A24="","",(COUNTIFS(利用者名簿!$B:$B,"男性入所",利用者名簿!$G:$G,"在籍")-COUNTIFS(食数記録!$A:$A,$A24,食数記録!$B:$B,"昼",食数記録!$F:$F,"男性入所",食数記録!$D:$D,"欠食"))+(COUNTIFS(利用者名簿!$B:$B,"女性入所",利用者名簿!$G:$G,"在籍")-COUNTIFS(食数記録!$A:$A,$A24,食数記録!$B:$B,"昼",食数記録!$F:$F,"女性入所",食数記録!$D:$D,"欠食"))+(IF(WEEKDAY($A24,2)<=5,COUNTIFS(利用者名簿!$B:$B,"男性GH",利用者名簿!$G:$G,"在籍")-COUNTIFS(食数記録!$A:$A,$A24,食数記録!$B:$B,"昼",食数記録!$F:$F,"男性GH",食数記録!$D:$D,"欠食"),COUNTIFS(食数記録!$A:$A,$A24,食数記録!$B:$B,"昼",食数記録!$F:$F,"男性GH",食数記録!$D:$D,"臨時喫食")))+(IF(WEEKDAY($A24,2)<=5,COUNTIFS(利用者名簿!$B:$B,"女性GH",利用者名簿!$G:$G,"在籍")-COUNTIFS(食数記録!$A:$A,$A24,食数記録!$B:$B,"昼",食数記録!$F:$F,"女性GH",食数記録!$D:$D,"欠食"),COUNTIFS(食数記録!$A:$A,$A24,食数記録!$B:$B,"昼",食数記録!$F:$F,"女性GH",食数記録!$D:$D,"臨時喫食")))+SUMIFS(職員食来客記録!$C:$C,職員食来客記録!$A:$A,$A24,職員食来客記録!$B:$B,"昼")+SUMIFS(職員食来客記録!$D:$D,職員食来客記録!$A:$A,$A24,職員食来客記録!$B:$B,"昼")) -> 3 | E24: =IF($A24="","",(COUNTIFS(利用者名簿!$B:$B,"男性入所",利用者名簿!$G:$G,"在籍")-COUNTIFS(食数記録!$A:$A,$A24,食数記録!$B:$B,"夕",食数記録!$F:$F,"男性入所",食数記録!$D:$D,"欠食"))+(COUNTIFS(利用者名簿!$B:$B,"女性入所",利用者名簿!$G:$G,"在籍")-COUNTIFS(食数記録!$A:$A,$A24,食数記録!$B:$B,"夕",食数記録!$F:$F,"女性入所",食数記録!$D:$D,"欠食"))+COUNTIFS(食数記録!$A:$A,$A24,食数記録!$B:$B,"夕",食数記録!$F:$F,"男性GH",食数記録!$D:$D,"臨時喫食")+COUNTIFS(食数記録!$A:$A,$A24,食数記録!$B:$B,"夕",食数記録!$F:$F,"女性GH",食数記録!$D:$D,"臨時喫食")+SUMIFS(職員食来客記録!$C:$C,職員食来客記録!$A:$A,$A24,職員食来客記録!$B:$B,"夕")+SUMIFS(職員食来客記録!$D:$D,職員食来客記録!$A:$A,$A24,職員食来客記録!$B:$B,"夕")) -> 2
A25: =IF(MONTH($C$3+12)=MONTH($C$3),$C$3+12,"") -> 46247 | B25: =IF(A25="","",TEXT(A25,"aaa")) -> Thu | C25: =IF($A25="","",(COUNTIFS(利用者名簿!$B:$B,"男性入所",利用者名簿!$G:$G,"在籍")-COUNTIFS(食数記録!$A:$A,$A25,食数記録!$B:$B,"朝",食数記録!$F:$F,"男性入所",食数記録!$D:$D,"欠食"))+(COUNTIFS(利用者名簿!$B:$B,"女性入所",利用者名簿!$G:$G,"在籍")-COUNTIFS(食数記録!$A:$A,$A25,食数記録!$B:$B,"朝",食数記録!$F:$F,"女性入所",食数記録!$D:$D,"欠食"))+COUNTIFS(食数記録!$A:$A,$A25,食数記録!$B:$B,"朝",食数記録!$F:$F,"男性GH",食数記録!$D:$D,"臨時喫食")+COUNTIFS(食数記録!$A:$A,$A25,食数記録!$B:$B,"朝",食数記録!$F:$F,"女性GH",食数記録!$D:$D,"臨時喫食")+SUMIFS(職員食来客記録!$C:$C,職員食来客記録!$A:$A,$A25,職員食来客記録!$B:$B,"朝")+SUMIFS(職員食来客記録!$D:$D,職員食来客記録!$A:$A,$A25,職員食来客記録!$B:$B,"朝")) -> 1 | D25: =IF($A25="","",(COUNTIFS(利用者名簿!$B:$B,"男性入所",利用者名簿!$G:$G,"在籍")-COUNTIFS(食数記録!$A:$A,$A25,食数記録!$B:$B,"昼",食数記録!$F:$F,"男性入所",食数記録!$D:$D,"欠食"))+(COUNTIFS(利用者名簿!$B:$B,"女性入所",利用者名簿!$G:$G,"在籍")-COUNTIFS(食数記録!$A:$A,$A25,食数記録!$B:$B,"昼",食数記録!$F:$F,"女性入所",食数記録!$D:$D,"欠食"))+(IF(WEEKDAY($A25,2)<=5,COUNTIFS(利用者名簿!$B:$B,"男性GH",利用者名簿!$G:$G,"在籍")-COUNTIFS(食数記録!$A:$A,$A25,食数記録!$B:$B,"昼",食数記録!$F:$F,"男性GH",食数記録!$D:$D,"欠食"),COUNTIFS(食数記録!$A:$A,$A25,食数記録!$B:$B,"昼",食数記録!$F:$F,"男性GH",食数記録!$D:$D,"臨時喫食")))+(IF(WEEKDAY($A25,2)<=5,COUNTIFS(利用者名簿!$B:$B,"女性GH",利用者名簿!$G:$G,"在籍")-COUNTIFS(食数記録!$A:$A,$A25,食数記録!$B:$B,"昼",食数記録!$F:$F,"女性GH",食数記録!$D:$D,"欠食"),COUNTIFS(食数記録!$A:$A,$A25,食数記録!$B:$B,"昼",食数記録!$F:$F,"女性GH",食数記録!$D:$D,"臨時喫食")))+SUMIFS(職員食来客記録!$C:$C,職員食来客記録!$A:$A,$A25,職員食来客記録!$B:$B,"昼")+SUMIFS(職員食来客記録!$D:$D,職員食来客記録!$A:$A,$A25,職員食来客記録!$B:$B,"昼")) -> 4 | E25: =IF($A25="","",(COUNTIFS(利用者名簿!$B:$B,"男性入所",利用者名簿!$G:$G,"在籍")-COUNTIFS(食数記録!$A:$A,$A25,食数記録!$B:$B,"夕",食数記録!$F:$F,"男性入所",食数記録!$D:$D,"欠食"))+(COUNTIFS(利用者名簿!$B:$B,"女性入所",利用者名簿!$G:$G,"在籍")-COUNTIFS(食数記録!$A:$A,$A25,食数記録!$B:$B,"夕",食数記録!$F:$F,"女性入所",食数記録!$D:$D,"欠食"))+COUNTIFS(食数記録!$A:$A,$A25,食数記録!$B:$B,"夕",食数記録!$F:$F,"男性GH",食数記録!$D:$D,"臨時喫食")+COUNTIFS(食数記録!$A:$A,$A25,食数記録!$B:$B,"夕",食数記録!$F:$F,"女性GH",食数記録!$D:$D,"臨時喫食")+SUMIFS(職員食来客記録!$C:$C,職員食来客記録!$A:$A,$A25,職員食来客記録!$B:$B,"夕")+SUMIFS(職員食来客記録!$D:$D,職員食来客記録!$A:$A,$A25,職員食来客記録!$B:$B,"夕")) -> 2
A26: =IF(MONTH($C$3+13)=MONTH($C$3),$C$3+13,"") -> 46248 | B26: =IF(A26="","",TEXT(A26,"aaa")) -> Fri | C26: =IF($A26="","",(COUNTIFS(利用者名簿!$B:$B,"男性入所",利用者名簿!$G:$G,"在籍")-COUNTIFS(食数記録!$A:$A,$A26,食数記録!$B:$B,"朝",食数記録!$F:$F,"男性入所",食数記録!$D:$D,"欠食"))+(COUNTIFS(利用者名簿!$B:$B,"女性入所",利用者名簿!$G:$G,"在籍")-COUNTIFS(食数記録!$A:$A,$A26,食数記録!$B:$B,"朝",食数記録!$F:$F,"女性入所",食数記録!$D:$D,"欠食"))+COUNTIFS(食数記録!$A:$A,$A26,食数記録!$B:$B,"朝",食数記録!$F:$F,"男性GH",食数記録!$D:$D,"臨時喫食")+COUNTIFS(食数記録!$A:$A,$A26,食数記録!$B:$B,"朝",食数記録!$F:$F,"女性GH",食数記録!$D:$D,"臨時喫食")+SUMIFS(職員食来客記録!$C:$C,職員食来客記録!$A:$A,$A26,職員食来客記録!$B:$B,"朝")+SUMIFS(職員食来客記録!$D:$D,職員食来客記録!$A:$A,$A26,職員食来客記録!$B:$B,"朝")) -> 2 | D26: =IF($A26="","",(COUNTIFS(利用者名簿!$B:$B,"男性入所",利用者名簿!$G:$G,"在籍")-COUNTIFS(食数記録!$A:$A,$A26,食数記録!$B:$B,"昼",食数記録!$F:$F,"男性入所",食数記録!$D:$D,"欠食"))+(COUNTIFS(利用者名簿!$B:$B,"女性入所",利用者名簿!$G:$G,"在籍")-COUNTIFS(食数記録!$A:$A,$A26,食数記録!$B:$B,"昼",食数記録!$F:$F,"女性入所",食数記録!$D:$D,"欠食"))+(IF(WEEKDAY($A26,2)<=5,COUNTIFS(利用者名簿!$B:$B,"男性GH",利用者名簿!$G:$G,"在籍")-COUNTIFS(食数記録!$A:$A,$A26,食数記録!$B:$B,"昼",食数記録!$F:$F,"男性GH",食数記録!$D:$D,"欠食"),COUNTIFS(食数記録!$A:$A,$A26,食数記録!$B:$B,"昼",食数記録!$F:$F,"男性GH",食数記録!$D:$D,"臨時喫食")))+(IF(WEEKDAY($A26,2)<=5,COUNTIFS(利用者名簿!$B:$B,"女性GH",利用者名簿!$G:$G,"在籍")-COUNTIFS(食数記録!$A:$A,$A26,食数記録!$B:$B,"昼",食数記録!$F:$F,"女性GH",食数記録!$D:$D,"欠食"),COUNTIFS(食数記録!$A:$A,$A26,食数記録!$B:$B,"昼",食数記録!$F:$F,"女性GH",食数記録!$D:$D,"臨時喫食")))+SUMIFS(職員食来客記録!$C:$C,職員食来客記録!$A:$A,$A26,職員食来客記録!$B:$B,"昼")+SUMIFS(職員食来客記録!$D:$D,職員食来客記録!$A:$A,$A26,職員食来客記録!$B:$B,"昼")) -> 3 | E26: =IF($A26="","",(COUNTIFS(利用者名簿!$B:$B,"男性入所",利用者名簿!$G:$G,"在籍")-COUNTIFS(食数記録!$A:$A,$A26,食数記録!$B:$B,"夕",食数記録!$F:$F,"男性入所",食数記録!$D:$D,"欠食"))+(COUNTIFS(利用者名簿!$B:$B,"女性入所",利用者名簿!$G:$G,"在籍")-COUNTIFS(食数記録!$A:$A,$A26,食数記録!$B:$B,"夕",食数記録!$F:$F,"女性入所",食数記録!$D:$D,"欠食"))+COUNTIFS(食数記録!$A:$A,$A26,食数記録!$B:$B,"夕",食数記録!$F:$F,"男性GH",食数記録!$D:$D,"臨時喫食")+COUNTIFS(食数記録!$A:$A,$A26,食数記録!$B:$B,"夕",食数記録!$F:$F,"女性GH",食数記録!$D:$D,"臨時喫食")+SUMIFS(職員食来客記録!$C:$C,職員食来客記録!$A:$A,$A26,職員食来客記録!$B:$B,"夕")+SUMIFS(職員食来客記録!$D:$D,職員食来客記録!$A:$A,$A26,職員食来客記録!$B:$B,"夕")) -> 2
A27: =IF(MONTH($C$3+14)=MONTH($C$3),$C$3+14,"") -> 46249 | B27: =IF(A27="","",TEXT(A27,"aaa")) -> Sat | C27: =IF($A27="","",(COUNTIFS(利用者名簿!$B:$B,"男性入所",利用者名簿!$G:$G,"在籍")-COUNTIFS(食数記録!$A:$A,$A27,食数記録!$B:$B,"朝",食数記録!$F:$F,"男性入所",食数記録!$D:$D,"欠食"))+(COUNTIFS(利用者名簿!$B:$B,"女性入所",利用者名簿!$G:$G,"在籍")-COUNTIFS(食数記録!$A:$A,$A27,食数記録!$B:$B,"朝",食数記録!$F:$F,"女性入所",食数記録!$D:$D,"欠食"))+COUNTIFS(食数記録!$A:$A,$A27,食数記録!$B:$B,"朝",食数記録!$F:$F,"男性GH",食数記録!$D:$D,"臨時喫食")+COUNTIFS(食数記録!$A:$A,$A27,食数記録!$B:$B,"朝",食数記録!$F:$F,"女性GH",食数記録!$D:$D,"臨時喫食")+SUMIFS(職員食来客記録!$C:$C,職員食来客記録!$A:$A,$A27,職員食来客記録!$B:$B,"朝")+SUMIFS(職員食来客記録!$D:$D,職員食来客記録!$A:$A,$A27,職員食来客記録!$B:$B,"朝")) -> 2 | D27: =IF($A27="","",(COUNTIFS(利用者名簿!$B:$B,"男性入所",利用者名簿!$G:$G,"在籍")-COUNTIFS(食数記録!$A:$A,$A27,食数記録!$B:$B,"昼",食数記録!$F:$F,"男性入所",食数記録!$D:$D,"欠食"))+(COUNTIFS(利用者名簿!$B:$B,"女性入所",利用者名簿!$G:$G,"在籍")-COUNTIFS(食数記録!$A:$A,$A27,食数記録!$B:$B,"昼",食数記録!$F:$F,"女性入所",食数記録!$D:$D,"欠食"))+(IF(WEEKDAY($A27,2)<=5,COUNTIFS(利用者名簿!$B:$B,"男性GH",利用者名簿!$G:$G,"在籍")-COUNTIFS(食数記録!$A:$A,$A27,食数記録!$B:$B,"昼",食数記録!$F:$F,"男性GH",食数記録!$D:$D,"欠食"),COUNTIFS(食数記録!$A:$A,$A27,食数記録!$B:$B,"昼",食数記録!$F:$F,"男性GH",食数記録!$D:$D,"臨時喫食")))+(IF(WEEKDAY($A27,2)<=5,COUNTIFS(利用者名簿!$B:$B,"女性GH",利用者名簿!$G:$G,"在籍")-COUNTIFS(食数記録!$A:$A,$A27,食数記録!$B:$B,"昼",食数記録!$F:$F,"女性GH",食数記録!$D:$D,"欠食"),COUNTIFS(食数記録!$A:$A,$A27,食数記録!$B:$B,"昼",食数記録!$F:$F,"女性GH",食数記録!$D:$D,"臨時喫食")))+SUMIFS(職員食来客記録!$C:$C,職員食来客記録!$A:$A,$A27,職員食来客記録!$B:$B,"昼")+SUMIFS(職員食来客記録!$D:$D,職員食来客記録!$A:$A,$A27,職員食来客記録!$B:$B,"昼")) -> 2 | E27: =IF($A27="","",(COUNTIFS(利用者名簿!$B:$B,"男性入所",利用者名簿!$G:$G,"在籍")-COUNTIFS(食数記録!$A:$A,$A27,食数記録!$B:$B,"夕",食数記録!$F:$F,"男性入所",食数記録!$D:$D,"欠食"))+(COUNTIFS(利用者名簿!$B:$B,"女性入所",利用者名簿!$G:$G,"在籍")-COUNTIFS(食数記録!$A:$A,$A27,食数記録!$B:$B,"夕",食数記録!$F:$F,"女性入所",食数記録!$D:$D,"欠食"))+COUNTIFS(食数記録!$A:$A,$A27,食数記録!$B:$B,"夕",食数記録!$F:$F,"男性GH",食数記録!$D:$D,"臨時喫食")+COUNTIFS(食数記録!$A:$A,$A27,食数記録!$B:$B,"夕",食数記録!$F:$F,"女性GH",食数記録!$D:$D,"臨時喫食")+SUMIFS(職員食来客記録!$C:$C,職員食来客記録!$A:$A,$A27,職員食来客記録!$B:$B,"夕")+SUMIFS(職員食来客記録!$D:$D,職員食来客記録!$A:$A,$A27,職員食来客記録!$B:$B,"夕")) -> 2
A28: =IF(MONTH($C$3+15)=MONTH($C$3),$C$3+15,"") -> 46250 | B28: =IF(A28="","",TEXT(A28,"aaa")) -> Sun | C28: =IF($A28="","",(COUNTIFS(利用者名簿!$B:$B,"男性入所",利用者名簿!$G:$G,"在籍")-COUNTIFS(食数記録!$A:$A,$A28,食数記録!$B:$B,"朝",食数記録!$F:$F,"男性入所",食数記録!$D:$D,"欠食"))+(COUNTIFS(利用者名簿!$B:$B,"女性入所",利用者名簿!$G:$G,"在籍")-COUNTIFS(食数記録!$A:$A,$A28,食数記録!$B:$B,"朝",食数記録!$F:$F,"女性入所",食数記録!$D:$D,"欠食"))+COUNTIFS(食数記録!$A:$A,$A28,食数記録!$B:$B,"朝",食数記録!$F:$F,"男性GH",食数記録!$D:$D,"臨時喫食")+COUNTIFS(食数記録!$A:$A,$A28,食数記録!$B:$B,"朝",食数記録!$F:$F,"女性GH",食数記録!$D:$D,"臨時喫食")+SUMIFS(職員食来客記録!$C:$C,職員食来客記録!$A:$A,$A28,職員食来客記録!$B:$B,"朝")+SUMIFS(職員食来客記録!$D:$D,職員食来客記録!$A:$A,$A28,職員食来客記録!$B:$B,"朝")) -> 2 | D28: =IF($A28="","",(COUNTIFS(利用者名簿!$B:$B,"男性入所",利用者名簿!$G:$G,"在籍")-COUNTIFS(食数記録!$A:$A,$A28,食数記録!$B:$B,"昼",食数記録!$F:$F,"男性入所",食数記録!$D:$D,"欠食"))+(COUNTIFS(利用者名簿!$B:$B,"女性入所",利用者名簿!$G:$G,"在籍")-COUNTIFS(食数記録!$A:$A,$A28,食数記録!$B:$B,"昼",食数記録!$F:$F,"女性入所",食数記録!$D:$D,"欠食"))+(IF(WEEKDAY($A28,2)<=5,COUNTIFS(利用者名簿!$B:$B,"男性GH",利用者名簿!$G:$G,"在籍")-COUNTIFS(食数記録!$A:$A,$A28,食数記録!$B:$B,"昼",食数記録!$F:$F,"男性GH",食数記録!$D:$D,"欠食"),COUNTIFS(食数記録!$A:$A,$A28,食数記録!$B:$B,"昼",食数記録!$F:$F,"男性GH",食数記録!$D:$D,"臨時喫食")))+(IF(WEEKDAY($A28,2)<=5,COUNTIFS(利用者名簿!$B:$B,"女性GH",利用者名簿!$G:$G,"在籍")-COUNTIFS(食数記録!$A:$A,$A28,食数記録!$B:$B,"昼",食数記録!$F:$F,"女性GH",食数記録!$D:$D,"欠食"),COUNTIFS(食数記録!$A:$A,$A28,食数記録!$B:$B,"昼",食数記録!$F:$F,"女性GH",食数記録!$D:$D,"臨時喫食")))+SUMIFS(職員食来客記録!$C:$C,職員食来客記録!$A:$A,$A28,職員食来客記録!$B:$B,"昼")+SUMIFS(職員食来客記録!$D:$D,職員食来客記録!$A:$A,$A28,職員食来客記録!$B:$B,"昼")) -> 2 | E28: =IF($A28="","",(COUNTIFS(利用者名簿!$B:$B,"男性入所",利用者名簿!$G:$G,"在籍")-COUNTIFS(食数記録!$A:$A,$A28,食数記録!$B:$B,"夕",食数記録!$F:$F,"男性入所",食数記録!$D:$D,"欠食"))+(COUNTIFS(利用者名簿!$B:$B,"女性入所",利用者名簿!$G:$G,"在籍")-COUNTIFS(食数記録!$A:$A,$A28,食数記録!$B:$B,"夕",食数記録!$F:$F,"女性入所",食数記録!$D:$D,"欠食"))+COUNTIFS(食数記録!$A:$A,$A28,食数記録!$B:$B,"夕",食数記録!$F:$F,"男性GH",食数記録!$D:$D,"臨時喫食")+COUNTIFS(食数記録!$A:$A,$A28,食数記録!$B:$B,"夕",食数記録!$F:$F,"女性GH",食数記録!$D:$D,"臨時喫食")+SUMIFS(職員食来客記録!$C:$C,職員食来客記録!$A:$A,$A28,職員食来客記録!$B:$B,"夕")+SUMIFS(職員食来客記録!$D:$D,職員食来客記録!$A:$A,$A28,職員食来客記録!$B:$B,"夕")) -> 2
A29: =IF(MONTH($C$3+16)=MONTH($C$3),$C$3+16,"") -> 46251 | B29: =IF(A29="","",TEXT(A29,"aaa")) -> Mon | C29: =IF($A29="","",(COUNTIFS(利用者名簿!$B:$B,"男性入所",利用者名簿!$G:$G,"在籍")-COUNTIFS(食数記録!$A:$A,$A29,食数記録!$B:$B,"朝",食数記録!$F:$F,"男性入所",食数記録!$D:$D,"欠食"))+(COUNTIFS(利用者名簿!$B:$B,"女性入所",利用者名簿!$G:$G,"在籍")-COUNTIFS(食数記録!$A:$A,$A29,食数記録!$B:$B,"朝",食数記録!$F:$F,"女性入所",食数記録!$D:$D,"欠食"))+COUNTIFS(食数記録!$A:$A,$A29,食数記録!$B:$B,"朝",食数記録!$F:$F,"男性GH",食数記録!$D:$D,"臨時喫食")+COUNTIFS(食数記録!$A:$A,$A29,食数記録!$B:$B,"朝",食数記録!$F:$F,"女性GH",食数記録!$D:$D,"臨時喫食")+SUMIFS(職員食来客記録!$C:$C,職員食来客記録!$A:$A,$A29,職員食来客記録!$B:$B,"朝")+SUMIFS(職員食来客記録!$D:$D,職員食来客記録!$A:$A,$A29,職員食来客記録!$B:$B,"朝")) -> 2 | D29: =IF($A29="","",(COUNTIFS(利用者名簿!$B:$B,"男性入所",利用者名簿!$G:$G,"在籍")-COUNTIFS(食数記録!$A:$A,$A29,食数記録!$B:$B,"昼",食数記録!$F:$F,"男性入所",食数記録!$D:$D,"欠食"))+(COUNTIFS(利用者名簿!$B:$B,"女性入所",利用者名簿!$G:$G,"在籍")-COUNTIFS(食数記録!$A:$A,$A29,食数記録!$B:$B,"昼",食数記録!$F:$F,"女性入所",食数記録!$D:$D,"欠食"))+(IF(WEEKDAY($A29,2)<=5,COUNTIFS(利用者名簿!$B:$B,"男性GH",利用者名簿!$G:$G,"在籍")-COUNTIFS(食数記録!$A:$A,$A29,食数記録!$B:$B,"昼",食数記録!$F:$F,"男性GH",食数記録!$D:$D,"欠食"),COUNTIFS(食数記録!$A:$A,$A29,食数記録!$B:$B,"昼",食数記録!$F:$F,"男性GH",食数記録!$D:$D,"臨時喫食")))+(IF(WEEKDAY($A29,2)<=5,COUNTIFS(利用者名簿!$B:$B,"女性GH",利用者名簿!$G:$G,"在籍")-COUNTIFS(食数記録!$A:$A,$A29,食数記録!$B:$B,"昼",食数記録!$F:$F,"女性GH",食数記録!$D:$D,"欠食"),COUNTIFS(食数記録!$A:$A,$A29,食数記録!$B:$B,"昼",食数記録!$F:$F,"女性GH",食数記録!$D:$D,"臨時喫食")))+SUMIFS(職員食来客記録!$C:$C,職員食来客記録!$A:$A,$A29,職員食来客記録!$B:$B,"昼")+SUMIFS(職員食来客記録!$D:$D,職員食来客記録!$A:$A,$A29,職員食来客記録!$B:$B,"昼")) -> 3 | E29: =IF($A29="","",(COUNTIFS(利用者名簿!$B:$B,"男性入所",利用者名簿!$G:$G,"在籍")-COUNTIFS(食数記録!$A:$A,$A29,食数記録!$B:$B,"夕",食数記録!$F:$F,"男性入所",食数記録!$D:$D,"欠食"))+(COUNTIFS(利用者名簿!$B:$B,"女性入所",利用者名簿!$G:$G,"在籍")-COUNTIFS(食数記録!$A:$A,$A29,食数記録!$B:$B,"夕",食数記録!$F:$F,"女性入所",食数記録!$D:$D,"欠食"))+COUNTIFS(食数記録!$A:$A,$A29,食数記録!$B:$B,"夕",食数記録!$F:$F,"男性GH",食数記録!$D:$D,"臨時喫食")+COUNTIFS(食数記録!$A:$A,$A29,食数記録!$B:$B,"夕",食数記録!$F:$F,"女性GH",食数記録!$D:$D,"臨時喫食")+SUMIFS(職員食来客記録!$C:$C,職員食来客記録!$A:$A,$A29,職員食来客記録!$B:$B,"夕")+SUMIFS(職員食来客記録!$D:$D,職員食来客記録!$A:$A,$A29,職員食来客記録!$B:$B,"夕")) -> 2
A30: =IF(MONTH($C$3+17)=MONTH($C$3),$C$3+17,"") -> 46252 | B30: =IF(A30="","",TEXT(A30,"aaa")) -> Tue | C30: =IF($A30="","",(COUNTIFS(利用者名簿!$B:$B,"男性入所",利用者名簿!$G:$G,"在籍")-COUNTIFS(食数記録!$A:$A,$A30,食数記録!$B:$B,"朝",食数記録!$F:$F,"男性入所",食数記録!$D:$D,"欠食"))+(COUNTIFS(利用者名簿!$B:$B,"女性入所",利用者名簿!$G:$G,"在籍")-COUNTIFS(食数記録!$A:$A,$A30,食数記録!$B:$B,"朝",食数記録!$F:$F,"女性入所",食数記録!$D:$D,"欠食"))+COUNTIFS(食数記録!$A:$A,$A30,食数記録!$B:$B,"朝",食数記録!$F:$F,"男性GH",食数記録!$D:$D,"臨時喫食")+COUNTIFS(食数記録!$A:$A,$A30,食数記録!$B:$B,"朝",食数記録!$F:$F,"女性GH",食数記録!$D:$D,"臨時喫食")+SUMIFS(職員食来客記録!$C:$C,職員食来客記録!$A:$A,$A30,職員食来客記録!$B:$B,"朝")+SUMIFS(職員食来客記録!$D:$D,職員食来客記録!$A:$A,$A30,職員食来客記録!$B:$B,"朝")) -> 2 | D30: =IF($A30="","",(COUNTIFS(利用者名簿!$B:$B,"男性入所",利用者名簿!$G:$G,"在籍")-COUNTIFS(食数記録!$A:$A,$A30,食数記録!$B:$B,"昼",食数記録!$F:$F,"男性入所",食数記録!$D:$D,"欠食"))+(COUNTIFS(利用者名簿!$B:$B,"女性入所",利用者名簿!$G:$G,"在籍")-COUNTIFS(食数記録!$A:$A,$A30,食数記録!$B:$B,"昼",食数記録!$F:$F,"女性入所",食数記録!$D:$D,"欠食"))+(IF(WEEKDAY($A30,2)<=5,COUNTIFS(利用者名簿!$B:$B,"男性GH",利用者名簿!$G:$G,"在籍")-COUNTIFS(食数記録!$A:$A,$A30,食数記録!$B:$B,"昼",食数記録!$F:$F,"男性GH",食数記録!$D:$D,"欠食"),COUNTIFS(食数記録!$A:$A,$A30,食数記録!$B:$B,"昼",食数記録!$F:$F,"男性GH",食数記録!$D:$D,"臨時喫食")))+(IF(WEEKDAY($A30,2)<=5,COUNTIFS(利用者名簿!$B:$B,"女性GH",利用者名簿!$G:$G,"在籍")-COUNTIFS(食数記録!$A:$A,$A30,食数記録!$B:$B,"昼",食数記録!$F:$F,"女性GH",食数記録!$D:$D,"欠食"),COUNTIFS(食数記録!$A:$A,$A30,食数記録!$B:$B,"昼",食数記録!$F:$F,"女性GH",食数記録!$D:$D,"臨時喫食")))+SUMIFS(職員食来客記録!$C:$C,職員食来客記録!$A:$A,$A30,職員食来客記録!$B:$B,"昼")+SUMIFS(職員食来客記録!$D:$D,職員食来客記録!$A:$A,$A30,職員食来客記録!$B:$B,"昼")) -> 3 | E30: =IF($A30="","",(COUNTIFS(利用者名簿!$B:$B,"男性入所",利用者名簿!$G:$G,"在籍")-COUNTIFS(食数記録!$A:$A,$A30,食数記録!$B:$B,"夕",食数記録!$F:$F,"男性入所",食数記録!$D:$D,"欠食"))+(COUNTIFS(利用者名簿!$B:$B,"女性入所",利用者名簿!$G:$G,"在籍")-COUNTIFS(食数記録!$A:$A,$A30,食数記録!$B:$B,"夕",食数記録!$F:$F,"女性入所",食数記録!$D:$D,"欠食"))+COUNTIFS(食数記録!$A:$A,$A30,食数記録!$B:$B,"夕",食数記録!$F:$F,"男性GH",食数記録!$D:$D,"臨時喫食")+COUNTIFS(食数記録!$A:$A,$A30,食数記録!$B:$B,"夕",食数記録!$F:$F,"女性GH",食数記録!$D:$D,"臨時喫食")+SUMIFS(職員食来客記録!$C:$C,職員食来客記録!$A:$A,$A30,職員食来客記録!$B:$B,"夕")+SUMIFS(職員食来客記録!$D:$D,職員食来客記録!$A:$A,$A30,職員食来客記録!$B:$B,"夕")) -> 2
A31: =IF(MONTH($C$3+18)=MONTH($C$3),$C$3+18,"") -> 46253 | B31: =IF(A31="","",TEXT(A31,"aaa")) -> Wed | C31: =IF($A31="","",(COUNTIFS(利用者名簿!$B:$B,"男性入所",利用者名簿!$G:$G,"在籍")-COUNTIFS(食数記録!$A:$A,$A31,食数記録!$B:$B,"朝",食数記録!$F:$F,"男性入所",食数記録!$D:$D,"欠食"))+(COUNTIFS(利用者名簿!$B:$B,"女性入所",利用者名簿!$G:$G,"在籍")-COUNTIFS(食数記録!$A:$A,$A31,食数記録!$B:$B,"朝",食数記録!$F:$F,"女性入所",食数記録!$D:$D,"欠食"))+COUNTIFS(食数記録!$A:$A,$A31,食数記録!$B:$B,"朝",食数記録!$F:$F,"男性GH",食数記録!$D:$D,"臨時喫食")+COUNTIFS(食数記録!$A:$A,$A31,食数記録!$B:$B,"朝",食数記録!$F:$F,"女性GH",食数記録!$D:$D,"臨時喫食")+SUMIFS(職員食来客記録!$C:$C,職員食来客記録!$A:$A,$A31,職員食来客記録!$B:$B,"朝")+SUMIFS(職員食来客記録!$D:$D,職員食来客記録!$A:$A,$A31,職員食来客記録!$B:$B,"朝")) -> 2 | D31: =IF($A31="","",(COUNTIFS(利用者名簿!$B:$B,"男性入所",利用者名簿!$G:$G,"在籍")-COUNTIFS(食数記録!$A:$A,$A31,食数記録!$B:$B,"昼",食数記録!$F:$F,"男性入所",食数記録!$D:$D,"欠食"))+(COUNTIFS(利用者名簿!$B:$B,"女性入所",利用者名簿!$G:$G,"在籍")-COUNTIFS(食数記録!$A:$A,$A31,食数記録!$B:$B,"昼",食数記録!$F:$F,"女性入所",食数記録!$D:$D,"欠食"))+(IF(WEEKDAY($A31,2)<=5,COUNTIFS(利用者名簿!$B:$B,"男性GH",利用者名簿!$G:$G,"在籍")-COUNTIFS(食数記録!$A:$A,$A31,食数記録!$B:$B,"昼",食数記録!$F:$F,"男性GH",食数記録!$D:$D,"欠食"),COUNTIFS(食数記録!$A:$A,$A31,食数記録!$B:$B,"昼",食数記録!$F:$F,"男性GH",食数記録!$D:$D,"臨時喫食")))+(IF(WEEKDAY($A31,2)<=5,COUNTIFS(利用者名簿!$B:$B,"女性GH",利用者名簿!$G:$G,"在籍")-COUNTIFS(食数記録!$A:$A,$A31,食数記録!$B:$B,"昼",食数記録!$F:$F,"女性GH",食数記録!$D:$D,"欠食"),COUNTIFS(食数記録!$A:$A,$A31,食数記録!$B:$B,"昼",食数記録!$F:$F,"女性GH",食数記録!$D:$D,"臨時喫食")))+SUMIFS(職員食来客記録!$C:$C,職員食来客記録!$A:$A,$A31,職員食来客記録!$B:$B,"昼")+SUMIFS(職員食来客記録!$D:$D,職員食来客記録!$A:$A,$A31,職員食来客記録!$B:$B,"昼")) -> 3 | E31: =IF($A31="","",(COUNTIFS(利用者名簿!$B:$B,"男性入所",利用者名簿!$G:$G,"在籍")-COUNTIFS(食数記録!$A:$A,$A31,食数記録!$B:$B,"夕",食数記録!$F:$F,"男性入所",食数記録!$D:$D,"欠食"))+(COUNTIFS(利用者名簿!$B:$B,"女性入所",利用者名簿!$G:$G,"在籍")-COUNTIFS(食数記録!$A:$A,$A31,食数記録!$B:$B,"夕",食数記録!$F:$F,"女性入所",食数記録!$D:$D,"欠食"))+COUNTIFS(食数記録!$A:$A,$A31,食数記録!$B:$B,"夕",食数記録!$F:$F,"男性GH",食数記録!$D:$D,"臨時喫食")+COUNTIFS(食数記録!$A:$A,$A31,食数記録!$B:$B,"夕",食数記録!$F:$F,"女性GH",食数記録!$D:$D,"臨時喫食")+SUMIFS(職員食来客記録!$C:$C,職員食来客記録!$A:$A,$A31,職員食来客記録!$B:$B,"夕")+SUMIFS(職員食来客記録!$D:$D,職員食来客記録!$A:$A,$A31,職員食来客記録!$B:$B,"夕")) -> 2
A32: =IF(MONTH($C$3+19)=MONTH($C$3),$C$3+19,"") -> 46254 | B32: =IF(A32="","",TEXT(A32,"aaa")) -> Thu | C32: =IF($A32="","",(COUNTIFS(利用者名簿!$B:$B,"男性入所",利用者名簿!$G:$G,"在籍")-COUNTIFS(食数記録!$A:$A,$A32,食数記録!$B:$B,"朝",食数記録!$F:$F,"男性入所",食数記録!$D:$D,"欠食"))+(COUNTIFS(利用者名簿!$B:$B,"女性入所",利用者名簿!$G:$G,"在籍")-COUNTIFS(食数記録!$A:$A,$A32,食数記録!$B:$B,"朝",食数記録!$F:$F,"女性入所",食数記録!$D:$D,"欠食"))+COUNTIFS(食数記録!$A:$A,$A32,食数記録!$B:$B,"朝",食数記録!$F:$F,"男性GH",食数記録!$D:$D,"臨時喫食")+COUNTIFS(食数記録!$A:$A,$A32,食数記録!$B:$B,"朝",食数記録!$F:$F,"女性GH",食数記録!$D:$D,"臨時喫食")+SUMIFS(職員食来客記録!$C:$C,職員食来客記録!$A:$A,$A32,職員食来客記録!$B:$B,"朝")+SUMIFS(職員食来客記録!$D:$D,職員食来客記録!$A:$A,$A32,職員食来客記録!$B:$B,"朝")) -> 2 | D32: =IF($A32="","",(COUNTIFS(利用者名簿!$B:$B,"男性入所",利用者名簿!$G:$G,"在籍")-COUNTIFS(食数記録!$A:$A,$A32,食数記録!$B:$B,"昼",食数記録!$F:$F,"男性入所",食数記録!$D:$D,"欠食"))+(COUNTIFS(利用者名簿!$B:$B,"女性入所",利用者名簿!$G:$G,"在籍")-COUNTIFS(食数記録!$A:$A,$A32,食数記録!$B:$B,"昼",食数記録!$F:$F,"女性入所",食数記録!$D:$D,"欠食"))+(IF(WEEKDAY($A32,2)<=5,COUNTIFS(利用者名簿!$B:$B,"男性GH",利用者名簿!$G:$G,"在籍")-COUNTIFS(食数記録!$A:$A,$A32,食数記録!$B:$B,"昼",食数記録!$F:$F,"男性GH",食数記録!$D:$D,"欠食"),COUNTIFS(食数記録!$A:$A,$A32,食数記録!$B:$B,"昼",食数記録!$F:$F,"男性GH",食数記録!$D:$D,"臨時喫食")))+(IF(WEEKDAY($A32,2)<=5,COUNTIFS(利用者名簿!$B:$B,"女性GH",利用者名簿!$G:$G,"在籍")-COUNTIFS(食数記録!$A:$A,$A32,食数記録!$B:$B,"昼",食数記録!$F:$F,"女性GH",食数記録!$D:$D,"欠食"),COUNTIFS(食数記録!$A:$A,$A32,食数記録!$B:$B,"昼",食数記録!$F:$F,"女性GH",食数記録!$D:$D,"臨時喫食")))+SUMIFS(職員食来客記録!$C:$C,職員食来客記録!$A:$A,$A32,職員食来客記録!$B:$B,"昼")+SUMIFS(職員食来客記録!$D:$D,職員食来客記録!$A:$A,$A32,職員食来客記録!$B:$B,"昼")) -> 3 | E32: =IF($A32="","",(COUNTIFS(利用者名簿!$B:$B,"男性入所",利用者名簿!$G:$G,"在籍")-COUNTIFS(食数記録!$A:$A,$A32,食数記録!$B:$B,"夕",食数記録!$F:$F,"男性入所",食数記録!$D:$D,"欠食"))+(COUNTIFS(利用者名簿!$B:$B,"女性入所",利用者名簿!$G:$G,"在籍")-COUNTIFS(食数記録!$A:$A,$A32,食数記録!$B:$B,"夕",食数記録!$F:$F,"女性入所",食数記録!$D:$D,"欠食"))+COUNTIFS(食数記録!$A:$A,$A32,食数記録!$B:$B,"夕",食数記録!$F:$F,"男性GH",食数記録!$D:$D,"臨時喫食")+COUNTIFS(食数記録!$A:$A,$A32,食数記録!$B:$B,"夕",食数記録!$F:$F,"女性GH",食数記録!$D:$D,"臨時喫食")+SUMIFS(職員食来客記録!$C:$C,職員食来客記録!$A:$A,$A32,職員食来客記録!$B:$B,"夕")+SUMIFS(職員食来客記録!$D:$D,職員食来客記録!$A:$A,$A32,職員食来客記録!$B:$B,"夕")) -> 2
A33: =IF(MONTH($C$3+20)=MONTH($C$3),$C$3+20,"") -> 46255 | B33: =IF(A33="","",TEXT(A33,"aaa")) -> Fri | C33: =IF($A33="","",(COUNTIFS(利用者名簿!$B:$B,"男性入所",利用者名簿!$G:$G,"在籍")-COUNTIFS(食数記録!$A:$A,$A33,食数記録!$B:$B,"朝",食数記録!$F:$F,"男性入所",食数記録!$D:$D,"欠食"))+(COUNTIFS(利用者名簿!$B:$B,"女性入所",利用者名簿!$G:$G,"在籍")-COUNTIFS(食数記録!$A:$A,$A33,食数記録!$B:$B,"朝",食数記録!$F:$F,"女性入所",食数記録!$D:$D,"欠食"))+COUNTIFS(食数記録!$A:$A,$A33,食数記録!$B:$B,"朝",食数記録!$F:$F,"男性GH",食数記録!$D:$D,"臨時喫食")+COUNTIFS(食数記録!$A:$A,$A33,食数記録!$B:$B,"朝",食数記録!$F:$F,"女性GH",食数記録!$D:$D,"臨時喫食")+SUMIFS(職員食来客記録!$C:$C,職員食来客記録!$A:$A,$A33,職員食来客記録!$B:$B,"朝")+SUMIFS(職員食来客記録!$D:$D,職員食来客記録!$A:$A,$A33,職員食来客記録!$B:$B,"朝")) -> 2 | D33: =IF($A33="","",(COUNTIFS(利用者名簿!$B:$B,"男性入所",利用者名簿!$G:$G,"在籍")-COUNTIFS(食数記録!$A:$A,$A33,食数記録!$B:$B,"昼",食数記録!$F:$F,"男性入所",食数記録!$D:$D,"欠食"))+(COUNTIFS(利用者名簿!$B:$B,"女性入所",利用者名簿!$G:$G,"在籍")-COUNTIFS(食数記録!$A:$A,$A33,食数記録!$B:$B,"昼",食数記録!$F:$F,"女性入所",食数記録!$D:$D,"欠食"))+(IF(WEEKDAY($A33,2)<=5,COUNTIFS(利用者名簿!$B:$B,"男性GH",利用者名簿!$G:$G,"在籍")-COUNTIFS(食数記録!$A:$A,$A33,食数記録!$B:$B,"昼",食数記録!$F:$F,"男性GH",食数記録!$D:$D,"欠食"),COUNTIFS(食数記録!$A:$A,$A33,食数記録!$B:$B,"昼",食数記録!$F:$F,"男性GH",食数記録!$D:$D,"臨時喫食")))+(IF(WEEKDAY($A33,2)<=5,COUNTIFS(利用者名簿!$B:$B,"女性GH",利用者名簿!$G:$G,"在籍")-COUNTIFS(食数記録!$A:$A,$A33,食数記録!$B:$B,"昼",食数記録!$F:$F,"女性GH",食数記録!$D:$D,"欠食"),COUNTIFS(食数記録!$A:$A,$A33,食数記録!$B:$B,"昼",食数記録!$F:$F,"女性GH",食数記録!$D:$D,"臨時喫食")))+SUMIFS(職員食来客記録!$C:$C,職員食来客記録!$A:$A,$A33,職員食来客記録!$B:$B,"昼")+SUMIFS(職員食来客記録!$D:$D,職員食来客記録!$A:$A,$A33,職員食来客記録!$B:$B,"昼")) -> 3 | E33: =IF($A33="","",(COUNTIFS(利用者名簿!$B:$B,"男性入所",利用者名簿!$G:$G,"在籍")-COUNTIFS(食数記録!$A:$A,$A33,食数記録!$B:$B,"夕",食数記録!$F:$F,"男性入所",食数記録!$D:$D,"欠食"))+(COUNTIFS(利用者名簿!$B:$B,"女性入所",利用者名簿!$G:$G,"在籍")-COUNTIFS(食数記録!$A:$A,$A33,食数記録!$B:$B,"夕",食数記録!$F:$F,"女性入所",食数記録!$D:$D,"欠食"))+COUNTIFS(食数記録!$A:$A,$A33,食数記録!$B:$B,"夕",食数記録!$F:$F,"男性GH",食数記録!$D:$D,"臨時喫食")+COUNTIFS(食数記録!$A:$A,$A33,食数記録!$B:$B,"夕",食数記録!$F:$F,"女性GH",食数記録!$D:$D,"臨時喫食")+SUMIFS(職員食来客記録!$C:$C,職員食来客記録!$A:$A,$A33,職員食来客記録!$B:$B,"夕")+SUMIFS(職員食来客記録!$D:$D,職員食来客記録!$A:$A,$A33,職員食来客記録!$B:$B,"夕")) -> 2
A34: =IF(MONTH($C$3+21)=MONTH($C$3),$C$3+21,"") -> 46256 | B34: =IF(A34="","",TEXT(A34,"aaa")) -> Sat | C34: =IF($A34="","",(COUNTIFS(利用者名簿!$B:$B,"男性入所",利用者名簿!$G:$G,"在籍")-COUNTIFS(食数記録!$A:$A,$A34,食数記録!$B:$B,"朝",食数記録!$F:$F,"男性入所",食数記録!$D:$D,"欠食"))+(COUNTIFS(利用者名簿!$B:$B,"女性入所",利用者名簿!$G:$G,"在籍")-COUNTIFS(食数記録!$A:$A,$A34,食数記録!$B:$B,"朝",食数記録!$F:$F,"女性入所",食数記録!$D:$D,"欠食"))+COUNTIFS(食数記録!$A:$A,$A34,食数記録!$B:$B,"朝",食数記録!$F:$F,"男性GH",食数記録!$D:$D,"臨時喫食")+COUNTIFS(食数記録!$A:$A,$A34,食数記録!$B:$B,"朝",食数記録!$F:$F,"女性GH",食数記録!$D:$D,"臨時喫食")+SUMIFS(職員食来客記録!$C:$C,職員食来客記録!$A:$A,$A34,職員食来客記録!$B:$B,"朝")+SUMIFS(職員食来客記録!$D:$D,職員食来客記録!$A:$A,$A34,職員食来客記録!$B:$B,"朝")) -> 2 | D34: =IF($A34="","",(COUNTIFS(利用者名簿!$B:$B,"男性入所",利用者名簿!$G:$G,"在籍")-COUNTIFS(食数記録!$A:$A,$A34,食数記録!$B:$B,"昼",食数記録!$F:$F,"男性入所",食数記録!$D:$D,"欠食"))+(COUNTIFS(利用者名簿!$B:$B,"女性入所",利用者名簿!$G:$G,"在籍")-COUNTIFS(食数記録!$A:$A,$A34,食数記録!$B:$B,"昼",食数記録!$F:$F,"女性入所",食数記録!$D:$D,"欠食"))+(IF(WEEKDAY($A34,2)<=5,COUNTIFS(利用者名簿!$B:$B,"男性GH",利用者名簿!$G:$G,"在籍")-COUNTIFS(食数記録!$A:$A,$A34,食数記録!$B:$B,"昼",食数記録!$F:$F,"男性GH",食数記録!$D:$D,"欠食"),COUNTIFS(食数記録!$A:$A,$A34,食数記録!$B:$B,"昼",食数記録!$F:$F,"男性GH",食数記録!$D:$D,"臨時喫食")))+(IF(WEEKDAY($A34,2)<=5,COUNTIFS(利用者名簿!$B:$B,"女性GH",利用者名簿!$G:$G,"在籍")-COUNTIFS(食数記録!$A:$A,$A34,食数記録!$B:$B,"昼",食数記録!$F:$F,"女性GH",食数記録!$D:$D,"欠食"),COUNTIFS(食数記録!$A:$A,$A34,食数記録!$B:$B,"昼",食数記録!$F:$F,"女性GH",食数記録!$D:$D,"臨時喫食")))+SUMIFS(職員食来客記録!$C:$C,職員食来客記録!$A:$A,$A34,職員食来客記録!$B:$B,"昼")+SUMIFS(職員食来客記録!$D:$D,職員食来客記録!$A:$A,$A34,職員食来客記録!$B:$B,"昼")) -> 2 | E34: =IF($A34="","",(COUNTIFS(利用者名簿!$B:$B,"男性入所",利用者名簿!$G:$G,"在籍")-COUNTIFS(食数記録!$A:$A,$A34,食数記録!$B:$B,"夕",食数記録!$F:$F,"男性入所",食数記録!$D:$D,"欠食"))+(COUNTIFS(利用者名簿!$B:$B,"女性入所",利用者名簿!$G:$G,"在籍")-COUNTIFS(食数記録!$A:$A,$A34,食数記録!$B:$B,"夕",食数記録!$F:$F,"女性入所",食数記録!$D:$D,"欠食"))+COUNTIFS(食数記録!$A:$A,$A34,食数記録!$B:$B,"夕",食数記録!$F:$F,"男性GH",食数記録!$D:$D,"臨時喫食")+COUNTIFS(食数記録!$A:$A,$A34,食数記録!$B:$B,"夕",食数記録!$F:$F,"女性GH",食数記録!$D:$D,"臨時喫食")+SUMIFS(職員食来客記録!$C:$C,職員食来客記録!$A:$A,$A34,職員食来客記録!$B:$B,"夕")+SUMIFS(職員食来客記録!$D:$D,職員食来客記録!$A:$A,$A34,職員食来客記録!$B:$B,"夕")) -> 2
A35: =IF(MONTH($C$3+22)=MONTH($C$3),$C$3+22,"") -> 46257 | B35: =IF(A35="","",TEXT(A35,"aaa")) -> Sun | C35: =IF($A35="","",(COUNTIFS(利用者名簿!$B:$B,"男性入所",利用者名簿!$G:$G,"在籍")-COUNTIFS(食数記録!$A:$A,$A35,食数記録!$B:$B,"朝",食数記録!$F:$F,"男性入所",食数記録!$D:$D,"欠食"))+(COUNTIFS(利用者名簿!$B:$B,"女性入所",利用者名簿!$G:$G,"在籍")-COUNTIFS(食数記録!$A:$A,$A35,食数記録!$B:$B,"朝",食数記録!$F:$F,"女性入所",食数記録!$D:$D,"欠食"))+COUNTIFS(食数記録!$A:$A,$A35,食数記録!$B:$B,"朝",食数記録!$F:$F,"男性GH",食数記録!$D:$D,"臨時喫食")+COUNTIFS(食数記録!$A:$A,$A35,食数記録!$B:$B,"朝",食数記録!$F:$F,"女性GH",食数記録!$D:$D,"臨時喫食")+SUMIFS(職員食来客記録!$C:$C,職員食来客記録!$A:$A,$A35,職員食来客記録!$B:$B,"朝")+SUMIFS(職員食来客記録!$D:$D,職員食来客記録!$A:$A,$A35,職員食来客記録!$B:$B,"朝")) -> 2 | D35: =IF($A35="","",(COUNTIFS(利用者名簿!$B:$B,"男性入所",利用者名簿!$G:$G,"在籍")-COUNTIFS(食数記録!$A:$A,$A35,食数記録!$B:$B,"昼",食数記録!$F:$F,"男性入所",食数記録!$D:$D,"欠食"))+(COUNTIFS(利用者名簿!$B:$B,"女性入所",利用者名簿!$G:$G,"在籍")-COUNTIFS(食数記録!$A:$A,$A35,食数記録!$B:$B,"昼",食数記録!$F:$F,"女性入所",食数記録!$D:$D,"欠食"))+(IF(WEEKDAY($A35,2)<=5,COUNTIFS(利用者名簿!$B:$B,"男性GH",利用者名簿!$G:$G,"在籍")-COUNTIFS(食数記録!$A:$A,$A35,食数記録!$B:$B,"昼",食数記録!$F:$F,"男性GH",食数記録!$D:$D,"欠食"),COUNTIFS(食数記録!$A:$A,$A35,食数記録!$B:$B,"昼",食数記録!$F:$F,"男性GH",食数記録!$D:$D,"臨時喫食")))+(IF(WEEKDAY($A35,2)<=5,COUNTIFS(利用者名簿!$B:$B,"女性GH",利用者名簿!$G:$G,"在籍")-COUNTIFS(食数記録!$A:$A,$A35,食数記録!$B:$B,"昼",食数記録!$F:$F,"女性GH",食数記録!$D:$D,"欠食"),COUNTIFS(食数記録!$A:$A,$A35,食数記録!$B:$B,"昼",食数記録!$F:$F,"女性GH",食数記録!$D:$D,"臨時喫食")))+SUMIFS(職員食来客記録!$C:$C,職員食来客記録!$A:$A,$A35,職員食来客記録!$B:$B,"昼")+SUMIFS(職員食来客記録!$D:$D,職員食来客記録!$A:$A,$A35,職員食来客記録!$B:$B,"昼")) -> 2 | E35: =IF($A35="","",(COUNTIFS(利用者名簿!$B:$B,"男性入所",利用者名簿!$G:$G,"在籍")-COUNTIFS(食数記録!$A:$A,$A35,食数記録!$B:$B,"夕",食数記録!$F:$F,"男性入所",食数記録!$D:$D,"欠食"))+(COUNTIFS(利用者名簿!$B:$B,"女性入所",利用者名簿!$G:$G,"在籍")-COUNTIFS(食数記録!$A:$A,$A35,食数記録!$B:$B,"夕",食数記録!$F:$F,"女性入所",食数記録!$D:$D,"欠食"))+COUNTIFS(食数記録!$A:$A,$A35,食数記録!$B:$B,"夕",食数記録!$F:$F,"男性GH",食数記録!$D:$D,"臨時喫食")+COUNTIFS(食数記録!$A:$A,$A35,食数記録!$B:$B,"夕",食数記録!$F:$F,"女性GH",食数記録!$D:$D,"臨時喫食")+SUMIFS(職員食来客記録!$C:$C,職員食来客記録!$A:$A,$A35,職員食来客記録!$B:$B,"夕")+SUMIFS(職員食来客記録!$D:$D,職員食来客記録!$A:$A,$A35,職員食来客記録!$B:$B,"夕")) -> 2
A36: =IF(MONTH($C$3+23)=MONTH($C$3),$C$3+23,"") -> 46258 | B36: =IF(A36="","",TEXT(A36,"aaa")) -> Mon | C36: =IF($A36="","",(COUNTIFS(利用者名簿!$B:$B,"男性入所",利用者名簿!$G:$G,"在籍")-COUNTIFS(食数記録!$A:$A,$A36,食数記録!$B:$B,"朝",食数記録!$F:$F,"男性入所",食数記録!$D:$D,"欠食"))+(COUNTIFS(利用者名簿!$B:$B,"女性入所",利用者名簿!$G:$G,"在籍")-COUNTIFS(食数記録!$A:$A,$A36,食数記録!$B:$B,"朝",食数記録!$F:$F,"女性入所",食数記録!$D:$D,"欠食"))+COUNTIFS(食数記録!$A:$A,$A36,食数記録!$B:$B,"朝",食数記録!$F:$F,"男性GH",食数記録!$D:$D,"臨時喫食")+COUNTIFS(食数記録!$A:$A,$A36,食数記録!$B:$B,"朝",食数記録!$F:$F,"女性GH",食数記録!$D:$D,"臨時喫食")+SUMIFS(職員食来客記録!$C:$C,職員食来客記録!$A:$A,$A36,職員食来客記録!$B:$B,"朝")+SUMIFS(職員食来客記録!$D:$D,職員食来客記録!$A:$A,$A36,職員食来客記録!$B:$B,"朝")) -> 2 | D36: =IF($A36="","",(COUNTIFS(利用者名簿!$B:$B,"男性入所",利用者名簿!$G:$G,"在籍")-COUNTIFS(食数記録!$A:$A,$A36,食数記録!$B:$B,"昼",食数記録!$F:$F,"男性入所",食数記録!$D:$D,"欠食"))+(COUNTIFS(利用者名簿!$B:$B,"女性入所",利用者名簿!$G:$G,"在籍")-COUNTIFS(食数記録!$A:$A,$A36,食数記録!$B:$B,"昼",食数記録!$F:$F,"女性入所",食数記録!$D:$D,"欠食"))+(IF(WEEKDAY($A36,2)<=5,COUNTIFS(利用者名簿!$B:$B,"男性GH",利用者名簿!$G:$G,"在籍")-COUNTIFS(食数記録!$A:$A,$A36,食数記録!$B:$B,"昼",食数記録!$F:$F,"男性GH",食数記録!$D:$D,"欠食"),COUNTIFS(食数記録!$A:$A,$A36,食数記録!$B:$B,"昼",食数記録!$F:$F,"男性GH",食数記録!$D:$D,"臨時喫食")))+(IF(WEEKDAY($A36,2)<=5,COUNTIFS(利用者名簿!$B:$B,"女性GH",利用者名簿!$G:$G,"在籍")-COUNTIFS(食数記録!$A:$A,$A36,食数記録!$B:$B,"昼",食数記録!$F:$F,"女性GH",食数記録!$D:$D,"欠食"),COUNTIFS(食数記録!$A:$A,$A36,食数記録!$B:$B,"昼",食数記録!$F:$F,"女性GH",食数記録!$D:$D,"臨時喫食")))+SUMIFS(職員食来客記録!$C:$C,職員食来客記録!$A:$A,$A36,職員食来客記録!$B:$B,"昼")+SUMIFS(職員食来客記録!$D:$D,職員食来客記録!$A:$A,$A36,職員食来客記録!$B:$B,"昼")) -> 3 | E36: =IF($A36="","",(COUNTIFS(利用者名簿!$B:$B,"男性入所",利用者名簿!$G:$G,"在籍")-COUNTIFS(食数記録!$A:$A,$A36,食数記録!$B:$B,"夕",食数記録!$F:$F,"男性入所",食数記録!$D:$D,"欠食"))+(COUNTIFS(利用者名簿!$B:$B,"女性入所",利用者名簿!$G:$G,"在籍")-COUNTIFS(食数記録!$A:$A,$A36,食数記録!$B:$B,"夕",食数記録!$F:$F,"女性入所",食数記録!$D:$D,"欠食"))+COUNTIFS(食数記録!$A:$A,$A36,食数記録!$B:$B,"夕",食数記録!$F:$F,"男性GH",食数記録!$D:$D,"臨時喫食")+COUNTIFS(食数記録!$A:$A,$A36,食数記録!$B:$B,"夕",食数記録!$F:$F,"女性GH",食数記録!$D:$D,"臨時喫食")+SUMIFS(職員食来客記録!$C:$C,職員食来客記録!$A:$A,$A36,職員食来客記録!$B:$B,"夕")+SUMIFS(職員食来客記録!$D:$D,職員食来客記録!$A:$A,$A36,職員食来客記録!$B:$B,"夕")) -> 2
A37: =IF(MONTH($C$3+24)=MONTH($C$3),$C$3+24,"") -> 46259 | B37: =IF(A37="","",TEXT(A37,"aaa")) -> Tue | C37: =IF($A37="","",(COUNTIFS(利用者名簿!$B:$B,"男性入所",利用者名簿!$G:$G,"在籍")-COUNTIFS(食数記録!$A:$A,$A37,食数記録!$B:$B,"朝",食数記録!$F:$F,"男性入所",食数記録!$D:$D,"欠食"))+(COUNTIFS(利用者名簿!$B:$B,"女性入所",利用者名簿!$G:$G,"在籍")-COUNTIFS(食数記録!$A:$A,$A37,食数記録!$B:$B,"朝",食数記録!$F:$F,"女性入所",食数記録!$D:$D,"欠食"))+COUNTIFS(食数記録!$A:$A,$A37,食数記録!$B:$B,"朝",食数記録!$F:$F,"男性GH",食数記録!$D:$D,"臨時喫食")+COUNTIFS(食数記録!$A:$A,$A37,食数記録!$B:$B,"朝",食数記録!$F:$F,"女性GH",食数記録!$D:$D,"臨時喫食")+SUMIFS(職員食来客記録!$C:$C,職員食来客記録!$A:$A,$A37,職員食来客記録!$B:$B,"朝")+SUMIFS(職員食来客記録!$D:$D,職員食来客記録!$A:$A,$A37,職員食来客記録!$B:$B,"朝")) -> 2 | D37: =IF($A37="","",(COUNTIFS(利用者名簿!$B:$B,"男性入所",利用者名簿!$G:$G,"在籍")-COUNTIFS(食数記録!$A:$A,$A37,食数記録!$B:$B,"昼",食数記録!$F:$F,"男性入所",食数記録!$D:$D,"欠食"))+(COUNTIFS(利用者名簿!$B:$B,"女性入所",利用者名簿!$G:$G,"在籍")-COUNTIFS(食数記録!$A:$A,$A37,食数記録!$B:$B,"昼",食数記録!$F:$F,"女性入所",食数記録!$D:$D,"欠食"))+(IF(WEEKDAY($A37,2)<=5,COUNTIFS(利用者名簿!$B:$B,"男性GH",利用者名簿!$G:$G,"在籍")-COUNTIFS(食数記録!$A:$A,$A37,食数記録!$B:$B,"昼",食数記録!$F:$F,"男性GH",食数記録!$D:$D,"欠食"),COUNTIFS(食数記録!$A:$A,$A37,食数記録!$B:$B,"昼",食数記録!$F:$F,"男性GH",食数記録!$D:$D,"臨時喫食")))+(IF(WEEKDAY($A37,2)<=5,COUNTIFS(利用者名簿!$B:$B,"女性GH",利用者名簿!$G:$G,"在籍")-COUNTIFS(食数記録!$A:$A,$A37,食数記録!$B:$B,"昼",食数記録!$F:$F,"女性GH",食数記録!$D:$D,"欠食"),COUNTIFS(食数記録!$A:$A,$A37,食数記録!$B:$B,"昼",食数記録!$F:$F,"女性GH",食数記録!$D:$D,"臨時喫食")))+SUMIFS(職員食来客記録!$C:$C,職員食来客記録!$A:$A,$A37,職員食来客記録!$B:$B,"昼")+SUMIFS(職員食来客記録!$D:$D,職員食来客記録!$A:$A,$A37,職員食来客記録!$B:$B,"昼")) -> 3 | E37: =IF($A37="","",(COUNTIFS(利用者名簿!$B:$B,"男性入所",利用者名簿!$G:$G,"在籍")-COUNTIFS(食数記録!$A:$A,$A37,食数記録!$B:$B,"夕",食数記録!$F:$F,"男性入所",食数記録!$D:$D,"欠食"))+(COUNTIFS(利用者名簿!$B:$B,"女性入所",利用者名簿!$G:$G,"在籍")-COUNTIFS(食数記録!$A:$A,$A37,食数記録!$B:$B,"夕",食数記録!$F:$F,"女性入所",食数記録!$D:$D,"欠食"))+COUNTIFS(食数記録!$A:$A,$A37,食数記録!$B:$B,"夕",食数記録!$F:$F,"男性GH",食数記録!$D:$D,"臨時喫食")+COUNTIFS(食数記録!$A:$A,$A37,食数記録!$B:$B,"夕",食数記録!$F:$F,"女性GH",食数記録!$D:$D,"臨時喫食")+SUMIFS(職員食来客記録!$C:$C,職員食来客記録!$A:$A,$A37,職員食来客記録!$B:$B,"夕")+SUMIFS(職員食来客記録!$D:$D,職員食来客記録!$A:$A,$A37,職員食来客記録!$B:$B,"夕")) -> 2
A38: =IF(MONTH($C$3+25)=MONTH($C$3),$C$3+25,"") -> 46260 | B38: =IF(A38="","",TEXT(A38,"aaa")) -> Wed | C38: =IF($A38="","",(COUNTIFS(利用者名簿!$B:$B,"男性入所",利用者名簿!$G:$G,"在籍")-COUNTIFS(食数記録!$A:$A,$A38,食数記録!$B:$B,"朝",食数記録!$F:$F,"男性入所",食数記録!$D:$D,"欠食"))+(COUNTIFS(利用者名簿!$B:$B,"女性入所",利用者名簿!$G:$G,"在籍")-COUNTIFS(食数記録!$A:$A,$A38,食数記録!$B:$B,"朝",食数記録!$F:$F,"女性入所",食数記録!$D:$D,"欠食"))+COUNTIFS(食数記録!$A:$A,$A38,食数記録!$B:$B,"朝",食数記録!$F:$F,"男性GH",食数記録!$D:$D,"臨時喫食")+COUNTIFS(食数記録!$A:$A,$A38,食数記録!$B:$B,"朝",食数記録!$F:$F,"女性GH",食数記録!$D:$D,"臨時喫食")+SUMIFS(職員食来客記録!$C:$C,職員食来客記録!$A:$A,$A38,職員食来客記録!$B:$B,"朝")+SUMIFS(職員食来客記録!$D:$D,職員食来客記録!$A:$A,$A38,職員食来客記録!$B:$B,"朝")) -> 2 | D38: =IF($A38="","",(COUNTIFS(利用者名簿!$B:$B,"男性入所",利用者名簿!$G:$G,"在籍")-COUNTIFS(食数記録!$A:$A,$A38,食数記録!$B:$B,"昼",食数記録!$F:$F,"男性入所",食数記録!$D:$D,"欠食"))+(COUNTIFS(利用者名簿!$B:$B,"女性入所",利用者名簿!$G:$G,"在籍")-COUNTIFS(食数記録!$A:$A,$A38,食数記録!$B:$B,"昼",食数記録!$F:$F,"女性入所",食数記録!$D:$D,"欠食"))+(IF(WEEKDAY($A38,2)<=5,COUNTIFS(利用者名簿!$B:$B,"男性GH",利用者名簿!$G:$G,"在籍")-COUNTIFS(食数記録!$A:$A,$A38,食数記録!$B:$B,"昼",食数記録!$F:$F,"男性GH",食数記録!$D:$D,"欠食"),COUNTIFS(食数記録!$A:$A,$A38,食数記録!$B:$B,"昼",食数記録!$F:$F,"男性GH",食数記録!$D:$D,"臨時喫食")))+(IF(WEEKDAY($A38,2)<=5,COUNTIFS(利用者名簿!$B:$B,"女性GH",利用者名簿!$G:$G,"在籍")-COUNTIFS(食数記録!$A:$A,$A38,食数記録!$B:$B,"昼",食数記録!$F:$F,"女性GH",食数記録!$D:$D,"欠食"),COUNTIFS(食数記録!$A:$A,$A38,食数記録!$B:$B,"昼",食数記録!$F:$F,"女性GH",食数記録!$D:$D,"臨時喫食")))+SUMIFS(職員食来客記録!$C:$C,職員食来客記録!$A:$A,$A38,職員食来客記録!$B:$B,"昼")+SUMIFS(職員食来客記録!$D:$D,職員食来客記録!$A:$A,$A38,職員食来客記録!$B:$B,"昼")) -> 3 | E38: =IF($A38="","",(COUNTIFS(利用者名簿!$B:$B,"男性入所",利用者名簿!$G:$G,"在籍")-COUNTIFS(食数記録!$A:$A,$A38,食数記録!$B:$B,"夕",食数記録!$F:$F,"男性入所",食数記録!$D:$D,"欠食"))+(COUNTIFS(利用者名簿!$B:$B,"女性入所",利用者名簿!$G:$G,"在籍")-COUNTIFS(食数記録!$A:$A,$A38,食数記録!$B:$B,"夕",食数記録!$F:$F,"女性入所",食数記録!$D:$D,"欠食"))+COUNTIFS(食数記録!$A:$A,$A38,食数記録!$B:$B,"夕",食数記録!$F:$F,"男性GH",食数記録!$D:$D,"臨時喫食")+COUNTIFS(食数記録!$A:$A,$A38,食数記録!$B:$B,"夕",食数記録!$F:$F,"女性GH",食数記録!$D:$D,"臨時喫食")+SUMIFS(職員食来客記録!$C:$C,職員食来客記録!$A:$A,$A38,職員食来客記録!$B:$B,"夕")+SUMIFS(職員食来客記録!$D:$D,職員食来客記録!$A:$A,$A38,職員食来客記録!$B:$B,"夕")) -> 2
A39: =IF(MONTH($C$3+26)=MONTH($C$3),$C$3+26,"") -> 46261 | B39: =IF(A39="","",TEXT(A39,"aaa")) -> Thu | C39: =IF($A39="","",(COUNTIFS(利用者名簿!$B:$B,"男性入所",利用者名簿!$G:$G,"在籍")-COUNTIFS(食数記録!$A:$A,$A39,食数記録!$B:$B,"朝",食数記録!$F:$F,"男性入所",食数記録!$D:$D,"欠食"))+(COUNTIFS(利用者名簿!$B:$B,"女性入所",利用者名簿!$G:$G,"在籍")-COUNTIFS(食数記録!$A:$A,$A39,食数記録!$B:$B,"朝",食数記録!$F:$F,"女性入所",食数記録!$D:$D,"欠食"))+COUNTIFS(食数記録!$A:$A,$A39,食数記録!$B:$B,"朝",食数記録!$F:$F,"男性GH",食数記録!$D:$D,"臨時喫食")+COUNTIFS(食数記録!$A:$A,$A39,食数記録!$B:$B,"朝",食数記録!$F:$F,"女性GH",食数記録!$D:$D,"臨時喫食")+SUMIFS(職員食来客記録!$C:$C,職員食来客記録!$A:$A,$A39,職員食来客記録!$B:$B,"朝")+SUMIFS(職員食来客記録!$D:$D,職員食来客記録!$A:$A,$A39,職員食来客記録!$B:$B,"朝")) -> 2 | D39: =IF($A39="","",(COUNTIFS(利用者名簿!$B:$B,"男性入所",利用者名簿!$G:$G,"在籍")-COUNTIFS(食数記録!$A:$A,$A39,食数記録!$B:$B,"昼",食数記録!$F:$F,"男性入所",食数記録!$D:$D,"欠食"))+(COUNTIFS(利用者名簿!$B:$B,"女性入所",利用者名簿!$G:$G,"在籍")-COUNTIFS(食数記録!$A:$A,$A39,食数記録!$B:$B,"昼",食数記録!$F:$F,"女性入所",食数記録!$D:$D,"欠食"))+(IF(WEEKDAY($A39,2)<=5,COUNTIFS(利用者名簿!$B:$B,"男性GH",利用者名簿!$G:$G,"在籍")-COUNTIFS(食数記録!$A:$A,$A39,食数記録!$B:$B,"昼",食数記録!$F:$F,"男性GH",食数記録!$D:$D,"欠食"),COUNTIFS(食数記録!$A:$A,$A39,食数記録!$B:$B,"昼",食数記録!$F:$F,"男性GH",食数記録!$D:$D,"臨時喫食")))+(IF(WEEKDAY($A39,2)<=5,COUNTIFS(利用者名簿!$B:$B,"女性GH",利用者名簿!$G:$G,"在籍")-COUNTIFS(食数記録!$A:$A,$A39,食数記録!$B:$B,"昼",食数記録!$F:$F,"女性GH",食数記録!$D:$D,"欠食"),COUNTIFS(食数記録!$A:$A,$A39,食数記録!$B:$B,"昼",食数記録!$F:$F,"女性GH",食数記録!$D:$D,"臨時喫食")))+SUMIFS(職員食来客記録!$C:$C,職員食来客記録!$A:$A,$A39,職員食来客記録!$B:$B,"昼")+SUMIFS(職員食来客記録!$D:$D,職員食来客記録!$A:$A,$A39,職員食来客記録!$B:$B,"昼")) -> 3 | E39: =IF($A39="","",(COUNTIFS(利用者名簿!$B:$B,"男性入所",利用者名簿!$G:$G,"在籍")-COUNTIFS(食数記録!$A:$A,$A39,食数記録!$B:$B,"夕",食数記録!$F:$F,"男性入所",食数記録!$D:$D,"欠食"))+(COUNTIFS(利用者名簿!$B:$B,"女性入所",利用者名簿!$G:$G,"在籍")-COUNTIFS(食数記録!$A:$A,$A39,食数記録!$B:$B,"夕",食数記録!$F:$F,"女性入所",食数記録!$D:$D,"欠食"))+COUNTIFS(食数記録!$A:$A,$A39,食数記録!$B:$B,"夕",食数記録!$F:$F,"男性GH",食数記録!$D:$D,"臨時喫食")+COUNTIFS(食数記録!$A:$A,$A39,食数記録!$B:$B,"夕",食数記録!$F:$F,"女性GH",食数記録!$D:$D,"臨時喫食")+SUMIFS(職員食来客記録!$C:$C,職員食来客記録!$A:$A,$A39,職員食来客記録!$B:$B,"夕")+SUMIFS(職員食来客記録!$D:$D,職員食来客記録!$A:$A,$A39,職員食来客記録!$B:$B,"夕")) -> 2
A40: =IF(MONTH($C$3+27)=MONTH($C$3),$C$3+27,"") -> 46262 | B40: =IF(A40="","",TEXT(A40,"aaa")) -> Fri | C40: =IF($A40="","",(COUNTIFS(利用者名簿!$B:$B,"男性入所",利用者名簿!$G:$G,"在籍")-COUNTIFS(食数記録!$A:$A,$A40,食数記録!$B:$B,"朝",食数記録!$F:$F,"男性入所",食数記録!$D:$D,"欠食"))+(COUNTIFS(利用者名簿!$B:$B,"女性入所",利用者名簿!$G:$G,"在籍")-COUNTIFS(食数記録!$A:$A,$A40,食数記録!$B:$B,"朝",食数記録!$F:$F,"女性入所",食数記録!$D:$D,"欠食"))+COUNTIFS(食数記録!$A:$A,$A40,食数記録!$B:$B,"朝",食数記録!$F:$F,"男性GH",食数記録!$D:$D,"臨時喫食")+COUNTIFS(食数記録!$A:$A,$A40,食数記録!$B:$B,"朝",食数記録!$F:$F,"女性GH",食数記録!$D:$D,"臨時喫食")+SUMIFS(職員食来客記録!$C:$C,職員食来客記録!$A:$A,$A40,職員食来客記録!$B:$B,"朝")+SUMIFS(職員食来客記録!$D:$D,職員食来客記録!$A:$A,$A40,職員食来客記録!$B:$B,"朝")) -> 2 | D40: =IF($A40="","",(COUNTIFS(利用者名簿!$B:$B,"男性入所",利用者名簿!$G:$G,"在籍")-COUNTIFS(食数記録!$A:$A,$A40,食数記録!$B:$B,"昼",食数記録!$F:$F,"男性入所",食数記録!$D:$D,"欠食"))+(COUNTIFS(利用者名簿!$B:$B,"女性入所",利用者名簿!$G:$G,"在籍")-COUNTIFS(食数記録!$A:$A,$A40,食数記録!$B:$B,"昼",食数記録!$F:$F,"女性入所",食数記録!$D:$D,"欠食"))+(IF(WEEKDAY($A40,2)<=5,COUNTIFS(利用者名簿!$B:$B,"男性GH",利用者名簿!$G:$G,"在籍")-COUNTIFS(食数記録!$A:$A,$A40,食数記録!$B:$B,"昼",食数記録!$F:$F,"男性GH",食数記録!$D:$D,"欠食"),COUNTIFS(食数記録!$A:$A,$A40,食数記録!$B:$B,"昼",食数記録!$F:$F,"男性GH",食数記録!$D:$D,"臨時喫食")))+(IF(WEEKDAY($A40,2)<=5,COUNTIFS(利用者名簿!$B:$B,"女性GH",利用者名簿!$G:$G,"在籍")-COUNTIFS(食数記録!$A:$A,$A40,食数記録!$B:$B,"昼",食数記録!$F:$F,"女性GH",食数記録!$D:$D,"欠食"),COUNTIFS(食数記録!$A:$A,$A40,食数記録!$B:$B,"昼",食数記録!$F:$F,"女性GH",食数記録!$D:$D,"臨時喫食")))+SUMIFS(職員食来客記録!$C:$C,職員食来客記録!$A:$A,$A40,職員食来客記録!$B:$B,"昼")+SUMIFS(職員食来客記録!$D:$D,職員食来客記録!$A:$A,$A40,職員食来客記録!$B:$B,"昼")) -> 3 | E40: =IF($A40="","",(COUNTIFS(利用者名簿!$B:$B,"男性入所",利用者名簿!$G:$G,"在籍")-COUNTIFS(食数記録!$A:$A,$A40,食数記録!$B:$B,"夕",食数記録!$F:$F,"男性入所",食数記録!$D:$D,"欠食"))+(COUNTIFS(利用者名簿!$B:$B,"女性入所",利用者名簿!$G:$G,"在籍")-COUNTIFS(食数記録!$A:$A,$A40,食数記録!$B:$B,"夕",食数記録!$F:$F,"女性入所",食数記録!$D:$D,"欠食"))+COUNTIFS(食数記録!$A:$A,$A40,食数記録!$B:$B,"夕",食数記録!$F:$F,"男性GH",食数記録!$D:$D,"臨時喫食")+COUNTIFS(食数記録!$A:$A,$A40,食数記録!$B:$B,"夕",食数記録!$F:$F,"女性GH",食数記録!$D:$D,"臨時喫食")+SUMIFS(職員食来客記録!$C:$C,職員食来客記録!$A:$A,$A40,職員食来客記録!$B:$B,"夕")+SUMIFS(職員食来客記録!$D:$D,職員食来客記録!$A:$A,$A40,職員食来客記録!$B:$B,"夕")) -> 2
A41: =IF(MONTH($C$3+28)=MONTH($C$3),$C$3+28,"") -> 46263 | B41: =IF(A41="","",TEXT(A41,"aaa")) -> Sat | C41: =IF($A41="","",(COUNTIFS(利用者名簿!$B:$B,"男性入所",利用者名簿!$G:$G,"在籍")-COUNTIFS(食数記録!$A:$A,$A41,食数記録!$B:$B,"朝",食数記録!$F:$F,"男性入所",食数記録!$D:$D,"欠食"))+(COUNTIFS(利用者名簿!$B:$B,"女性入所",利用者名簿!$G:$G,"在籍")-COUNTIFS(食数記録!$A:$A,$A41,食数記録!$B:$B,"朝",食数記録!$F:$F,"女性入所",食数記録!$D:$D,"欠食"))+COUNTIFS(食数記録!$A:$A,$A41,食数記録!$B:$B,"朝",食数記録!$F:$F,"男性GH",食数記録!$D:$D,"臨時喫食")+COUNTIFS(食数記録!$A:$A,$A41,食数記録!$B:$B,"朝",食数記録!$F:$F,"女性GH",食数記録!$D:$D,"臨時喫食")+SUMIFS(職員食来客記録!$C:$C,職員食来客記録!$A:$A,$A41,職員食来客記録!$B:$B,"朝")+SUMIFS(職員食来客記録!$D:$D,職員食来客記録!$A:$A,$A41,職員食来客記録!$B:$B,"朝")) -> 2 | D41: =IF($A41="","",(COUNTIFS(利用者名簿!$B:$B,"男性入所",利用者名簿!$G:$G,"在籍")-COUNTIFS(食数記録!$A:$A,$A41,食数記録!$B:$B,"昼",食数記録!$F:$F,"男性入所",食数記録!$D:$D,"欠食"))+(COUNTIFS(利用者名簿!$B:$B,"女性入所",利用者名簿!$G:$G,"在籍")-COUNTIFS(食数記録!$A:$A,$A41,食数記録!$B:$B,"昼",食数記録!$F:$F,"女性入所",食数記録!$D:$D,"欠食"))+(IF(WEEKDAY($A41,2)<=5,COUNTIFS(利用者名簿!$B:$B,"男性GH",利用者名簿!$G:$G,"在籍")-COUNTIFS(食数記録!$A:$A,$A41,食数記録!$B:$B,"昼",食数記録!$F:$F,"男性GH",食数記録!$D:$D,"欠食"),COUNTIFS(食数記録!$A:$A,$A41,食数記録!$B:$B,"昼",食数記録!$F:$F,"男性GH",食数記録!$D:$D,"臨時喫食")))+(IF(WEEKDAY($A41,2)<=5,COUNTIFS(利用者名簿!$B:$B,"女性GH",利用者名簿!$G:$G,"在籍")-COUNTIFS(食数記録!$A:$A,$A41,食数記録!$B:$B,"昼",食数記録!$F:$F,"女性GH",食数記録!$D:$D,"欠食"),COUNTIFS(食数記録!$A:$A,$A41,食数記録!$B:$B,"昼",食数記録!$F:$F,"女性GH",食数記録!$D:$D,"臨時喫食")))+SUMIFS(職員食来客記録!$C:$C,職員食来客記録!$A:$A,$A41,職員食来客記録!$B:$B,"昼")+SUMIFS(職員食来客記録!$D:$D,職員食来客記録!$A:$A,$A41,職員食来客記録!$B:$B,"昼")) -> 2 | E41: =IF($A41="","",(COUNTIFS(利用者名簿!$B:$B,"男性入所",利用者名簿!$G:$G,"在籍")-COUNTIFS(食数記録!$A:$A,$A41,食数記録!$B:$B,"夕",食数記録!$F:$F,"男性入所",食数記録!$D:$D,"欠食"))+(COUNTIFS(利用者名簿!$B:$B,"女性入所",利用者名簿!$G:$G,"在籍")-COUNTIFS(食数記録!$A:$A,$A41,食数記録!$B:$B,"夕",食数記録!$F:$F,"女性入所",食数記録!$D:$D,"欠食"))+COUNTIFS(食数記録!$A:$A,$A41,食数記録!$B:$B,"夕",食数記録!$F:$F,"男性GH",食数記録!$D:$D,"臨時喫食")+COUNTIFS(食数記録!$A:$A,$A41,食数記録!$B:$B,"夕",食数記録!$F:$F,"女性GH",食数記録!$D:$D,"臨時喫食")+SUMIFS(職員食来客記録!$C:$C,職員食来客記録!$A:$A,$A41,職員食来客記録!$B:$B,"夕")+SUMIFS(職員食来客記録!$D:$D,職員食来客記録!$A:$A,$A41,職員食来客記録!$B:$B,"夕")) -> 2
A42: =IF(MONTH($C$3+29)=MONTH($C$3),$C$3+29,"") -> 46264 | B42: =IF(A42="","",TEXT(A42,"aaa")) -> Sun | C42: =IF($A42="","",(COUNTIFS(利用者名簿!$B:$B,"男性入所",利用者名簿!$G:$G,"在籍")-COUNTIFS(食数記録!$A:$A,$A42,食数記録!$B:$B,"朝",食数記録!$F:$F,"男性入所",食数記録!$D:$D,"欠食"))+(COUNTIFS(利用者名簿!$B:$B,"女性入所",利用者名簿!$G:$G,"在籍")-COUNTIFS(食数記録!$A:$A,$A42,食数記録!$B:$B,"朝",食数記録!$F:$F,"女性入所",食数記録!$D:$D,"欠食"))+COUNTIFS(食数記録!$A:$A,$A42,食数記録!$B:$B,"朝",食数記録!$F:$F,"男性GH",食数記録!$D:$D,"臨時喫食")+COUNTIFS(食数記録!$A:$A,$A42,食数記録!$B:$B,"朝",食数記録!$F:$F,"女性GH",食数記録!$D:$D,"臨時喫食")+SUMIFS(職員食来客記録!$C:$C,職員食来客記録!$A:$A,$A42,職員食来客記録!$B:$B,"朝")+SUMIFS(職員食来客記録!$D:$D,職員食来客記録!$A:$A,$A42,職員食来客記録!$B:$B,"朝")) -> 2 | D42: =IF($A42="","",(COUNTIFS(利用者名簿!$B:$B,"男性入所",利用者名簿!$G:$G,"在籍")-COUNTIFS(食数記録!$A:$A,$A42,食数記録!$B:$B,"昼",食数記録!$F:$F,"男性入所",食数記録!$D:$D,"欠食"))+(COUNTIFS(利用者名簿!$B:$B,"女性入所",利用者名簿!$G:$G,"在籍")-COUNTIFS(食数記録!$A:$A,$A42,食数記録!$B:$B,"昼",食数記録!$F:$F,"女性入所",食数記録!$D:$D,"欠食"))+(IF(WEEKDAY($A42,2)<=5,COUNTIFS(利用者名簿!$B:$B,"男性GH",利用者名簿!$G:$G,"在籍")-COUNTIFS(食数記録!$A:$A,$A42,食数記録!$B:$B,"昼",食数記録!$F:$F,"男性GH",食数記録!$D:$D,"欠食"),COUNTIFS(食数記録!$A:$A,$A42,食数記録!$B:$B,"昼",食数記録!$F:$F,"男性GH",食数記録!$D:$D,"臨時喫食")))+(IF(WEEKDAY($A42,2)<=5,COUNTIFS(利用者名簿!$B:$B,"女性GH",利用者名簿!$G:$G,"在籍")-COUNTIFS(食数記録!$A:$A,$A42,食数記録!$B:$B,"昼",食数記録!$F:$F,"女性GH",食数記録!$D:$D,"欠食"),COUNTIFS(食数記録!$A:$A,$A42,食数記録!$B:$B,"昼",食数記録!$F:$F,"女性GH",食数記録!$D:$D,"臨時喫食")))+SUMIFS(職員食来客記録!$C:$C,職員食来客記録!$A:$A,$A42,職員食来客記録!$B:$B,"昼")+SUMIFS(職員食来客記録!$D:$D,職員食来客記録!$A:$A,$A42,職員食来客記録!$B:$B,"昼")) -> 2 | E42: =IF($A42="","",(COUNTIFS(利用者名簿!$B:$B,"男性入所",利用者名簿!$G:$G,"在籍")-COUNTIFS(食数記録!$A:$A,$A42,食数記録!$B:$B,"夕",食数記録!$F:$F,"男性入所",食数記録!$D:$D,"欠食"))+(COUNTIFS(利用者名簿!$B:$B,"女性入所",利用者名簿!$G:$G,"在籍")-COUNTIFS(食数記録!$A:$A,$A42,食数記録!$B:$B,"夕",食数記録!$F:$F,"女性入所",食数記録!$D:$D,"欠食"))+COUNTIFS(食数記録!$A:$A,$A42,食数記録!$B:$B,"夕",食数記録!$F:$F,"男性GH",食数記録!$D:$D,"臨時喫食")+COUNTIFS(食数記録!$A:$A,$A42,食数記録!$B:$B,"夕",食数記録!$F:$F,"女性GH",食数記録!$D:$D,"臨時喫食")+SUMIFS(職員食来客記録!$C:$C,職員食来客記録!$A:$A,$A42,職員食来客記録!$B:$B,"夕")+SUMIFS(職員食来客記録!$D:$D,職員食来客記録!$A:$A,$A42,職員食来客記録!$B:$B,"夕")) -> 2
A43: =IF(MONTH($C$3+30)=MONTH($C$3),$C$3+30,"") -> 46265 | B43: =IF(A43="","",TEXT(A43,"aaa")) -> Mon | C43: =IF($A43="","",(COUNTIFS(利用者名簿!$B:$B,"男性入所",利用者名簿!$G:$G,"在籍")-COUNTIFS(食数記録!$A:$A,$A43,食数記録!$B:$B,"朝",食数記録!$F:$F,"男性入所",食数記録!$D:$D,"欠食"))+(COUNTIFS(利用者名簿!$B:$B,"女性入所",利用者名簿!$G:$G,"在籍")-COUNTIFS(食数記録!$A:$A,$A43,食数記録!$B:$B,"朝",食数記録!$F:$F,"女性入所",食数記録!$D:$D,"欠食"))+COUNTIFS(食数記録!$A:$A,$A43,食数記録!$B:$B,"朝",食数記録!$F:$F,"男性GH",食数記録!$D:$D,"臨時喫食")+COUNTIFS(食数記録!$A:$A,$A43,食数記録!$B:$B,"朝",食数記録!$F:$F,"女性GH",食数記録!$D:$D,"臨時喫食")+SUMIFS(職員食来客記録!$C:$C,職員食来客記録!$A:$A,$A43,職員食来客記録!$B:$B,"朝")+SUMIFS(職員食来客記録!$D:$D,職員食来客記録!$A:$A,$A43,職員食来客記録!$B:$B,"朝")) -> 2 | D43: =IF($A43="","",(COUNTIFS(利用者名簿!$B:$B,"男性入所",利用者名簿!$G:$G,"在籍")-COUNTIFS(食数記録!$A:$A,$A43,食数記録!$B:$B,"昼",食数記録!$F:$F,"男性入所",食数記録!$D:$D,"欠食"))+(COUNTIFS(利用者名簿!$B:$B,"女性入所",利用者名簿!$G:$G,"在籍")-COUNTIFS(食数記録!$A:$A,$A43,食数記録!$B:$B,"昼",食数記録!$F:$F,"女性入所",食数記録!$D:$D,"欠食"))+(IF(WEEKDAY($A43,2)<=5,COUNTIFS(利用者名簿!$B:$B,"男性GH",利用者名簿!$G:$G,"在籍")-COUNTIFS(食数記録!$A:$A,$A43,食数記録!$B:$B,"昼",食数記録!$F:$F,"男性GH",食数記録!$D:$D,"欠食"),COUNTIFS(食数記録!$A:$A,$A43,食数記録!$B:$B,"昼",食数記録!$F:$F,"男性GH",食数記録!$D:$D,"臨時喫食")))+(IF(WEEKDAY($A43,2)<=5,COUNTIFS(利用者名簿!$B:$B,"女性GH",利用者名簿!$G:$G,"在籍")-COUNTIFS(食数記録!$A:$A,$A43,食数記録!$B:$B,"昼",食数記録!$F:$F,"女性GH",食数記録!$D:$D,"欠食"),COUNTIFS(食数記録!$A:$A,$A43,食数記録!$B:$B,"昼",食数記録!$F:$F,"女性GH",食数記録!$D:$D,"臨時喫食")))+SUMIFS(職員食来客記録!$C:$C,職員食来客記録!$A:$A,$A43,職員食来客記録!$B:$B,"昼")+SUMIFS(職員食来客記録!$D:$D,職員食来客記録!$A:$A,$A43,職員食来客記録!$B:$B,"昼")) -> 3 | E43: =IF($A43="","",(COUNTIFS(利用者名簿!$B:$B,"男性入所",利用者名簿!$G:$G,"在籍")-COUNTIFS(食数記録!$A:$A,$A43,食数記録!$B:$B,"夕",食数記録!$F:$F,"男性入所",食数記録!$D:$D,"欠食"))+(COUNTIFS(利用者名簿!$B:$B,"女性入所",利用者名簿!$G:$G,"在籍")-COUNTIFS(食数記録!$A:$A,$A43,食数記録!$B:$B,"夕",食数記録!$F:$F,"女性入所",食数記録!$D:$D,"欠食"))+COUNTIFS(食数記録!$A:$A,$A43,食数記録!$B:$B,"夕",食数記録!$F:$F,"男性GH",食数記録!$D:$D,"臨時喫食")+COUNTIFS(食数記録!$A:$A,$A43,食数記録!$B:$B,"夕",食数記録!$F:$F,"女性GH",食数記録!$D:$D,"臨時喫食")+SUMIFS(職員食来客記録!$C:$C,職員食来客記録!$A:$A,$A43,職員食来客記録!$B:$B,"夕")+SUMIFS(職員食来客記録!$D:$D,職員食来客記録!$A:$A,$A43,職員食来客記録!$B:$B,"夕")) -> 2

Sheet 食数記録
A1: 日付 | B1: 食事 | C1: 利用者 | D1: 種別 | E1: 備考 | F1: 区分（自動） | G1: ※F列は編集不要（利用者名簿から区分を自動取得。プレビュー計算用）
A2: 46247 | B2: 昼 | C2: 山田 太郎 | D2: 欠食 | E2: 入力例：外出のため | F2: =IFERROR(VLOOKUP(C2,利用者名簿!$A:$B,2,FALSE()),"") -> 男性入所
A3: 46247 | B3: 朝 | C3: 鈴木 花子 | D3: 欠食 | E3: 入力例：体調不良 | F3: =IFERROR(VLOOKUP(C3,利用者名簿!$A:$B,2,FALSE()),"") -> 女性入所
A4: 46254 | B4: 昼 | C4: 佐藤 一郎 | D4: 臨時喫食 | E4: 入力例：GH行事参加 | F4: =IFERROR(VLOOKUP(C4,利用者名簿!$A:$B,2,FALSE()),"") -> 男性GH
F5: =IFERROR(VLOOKUP(C5,利用者名簿!$A:$B,2,FALSE()),"")
F6: =IFERROR(VLOOKUP(C6,利用者名簿!$A:$B,2,FALSE()),"")
F7: =IFERROR(VLOOKUP(C7,利用者名簿!$A:$B,2,FALSE()),"")
F8: =IFERROR(VLOOKUP(C8,利用者名簿!$A:$B,2,FALSE()),"")
F9: =IFERROR(VLOOKUP(C9,利用者名簿!$A:$B,2,FALSE()),"")
F10: =IFERROR(VLOOKUP(C10,利用者名簿!$A:$B,2,FALSE()),"")
F11: =IFERROR(VLOOKUP(C11,利用者名簿!$A:$B,2,FALSE()),"")
F12: =IFERROR(VLOOKUP(C12,利用者名簿!$A:$B,2,FALSE()),"")
F13: =IFERROR(VLOOKUP(C13,利用者名簿!$A:$B,2,FALSE()),"")
F14: =IFERROR(VLOOKUP(C14,利用者名簿!$A:$B,2,FALSE()),"")
F15: =IFERROR(VLOOKUP(C15,利用者名簿!$A:$B,2,FALSE()),"")
F16: =IFERROR(VLOOKUP(C16,利用者名簿!$A:$B,2,FALSE()),"")
... F500: =IFERROR(VLOOKUP(C500,利用者名簿!$A:$B,2,FALSE()),"")

Sheet 職員食来客記録
A1: 日付 | B1: 食事 | C1: 職員食数 | D1: 来客数
A2: 46247 | B2: 昼 | C2: 0 | D2: 2 | E2: 入力例：来客2名

Sheet 利用者名簿
A1: 氏名 | B1: 区分 | C1: 刻み食 | D1: ダイエット食 | E1: 粗みじん食 | F1: 超みじん食 | G1: 在籍状態 | H1: 備考 | I1: 食形態略称（自動） | J1: ※I列は編集不要（キ=刻み食／ダ=ダイエット食／粗=粗みじん食／超=超みじん食）
A2: 山田 太郎 | B2: 男性入所 | G2: 在籍 | H2: 入力例：食形態は該当欄に○ | I2: =IF(C2="○","キ","")&IF(D2="○","ダ","")&IF(E2="○","粗","")&IF(F2="○","超","")
A3: 鈴木 花子 | B3: 女性入所 | C3: ○ | G3: 在籍 | H3: 入力例：刻み食 | I3: =IF(C3="○","キ","")&IF(D3="○","ダ","")&IF(E3="○","粗","")&IF(F3="○","超","") -> キ
A4: 佐藤 一郎 | B4: 男性GH | G4: 在籍 | H4: 入力例：ニュースの家1 | I4: =IF(C4="○","キ","")&IF(D4="○","ダ","")&IF(E4="○","粗","")&IF(F4="○","超","")
A5: 高橋 幸子 | B5: 女性GH | D5: ○ | G5: 退所 | H5: 入力例：退所済みは行を残したまま在籍状態を変更 | I5: =IF(C5="○","キ","")&IF(D5="○","ダ","")&IF(E5="○","粗","")&IF(F5="○","超","") -> ダ
I6: =IF(C6="○","キ","")&IF(D6="○","ダ","")&IF(E6="○","粗","")&IF(F6="○","超","")
I7: =IF(C7="○","キ","")&IF(D7="○","ダ","")&IF(E7="○","粗","")&IF(F7="○","超","")
I8: =IF(C8="○","キ","")&IF(D8="○","ダ","")&IF(E8="○","粗","")&IF(F8="○","超","")
I9: =IF(C9="○","キ","")&IF(D9="○","ダ","")&IF(E9="○","粗","")&IF(F9="○","超","")
I10: =IF(C10="○","キ","")&IF(D10="○","ダ","")&IF(E10="○","粗","")&IF(F10="○","超","")
I11: =IF(C11="○","キ","")&IF(D11="○","ダ","")&IF(E11="○","粗","")&IF(F11="○","超","")
I12: =IF(C12="○","キ","")&IF(D12="○","ダ","")&IF(E12="○","粗","")&IF(F12="○","超","")
I13: =IF(C13="○","キ","")&IF(D13="○","ダ","")&IF(E13="○","粗","")&IF(F13="○","超","")
I14: =IF(C14="○","キ","")&IF(D14="○","ダ","")&IF(E14="○","粗","")&IF(F14="○","超","")
I15: =IF(C15="○","キ","")&IF(D15="○","ダ","")&IF(E15="○","粗","")&IF(F15="○","超","")
I16: =IF(C16="○","キ","")&IF(D16="○","ダ","")&IF(E16="○","粗","")&IF(F16="○","超","")
I17: =IF(C17="○","キ","")&IF(D17="○","ダ","")&IF(E17="○","粗","")&IF(F17="○","超","")
... I200: =IF(C200="○","キ","")&IF(D200="○","ダ","")&IF(E200="○","粗","")&IF(F200="○","超","")

Sheet 区分マスタ
A1: 利用者区分 | B1: 食事区分 | C1: 記録種別 | D1: 在籍状態 | F1: ※このシートはプルダウンの参照元です。通常は編集不要です。
A2: 男性入所 | B2: 朝 | C2: 欠食 | D2: 在籍
A3: 女性入所 | B3: 昼 | C3: 臨時喫食 | D3: 退所
A4: 男性GH | B4: 夕
A5: 女性GH

Sheet 内部計算
B1: 男性入所/朝/欠食_flag | C1: 男性入所/朝/欠食_idx | D1: 男性入所/昼/欠食_flag | E1: 男性入所/昼/欠食_idx | F1: 男性入所/夕/欠食_flag | G1: 男性入所/夕/欠食_idx | H1: 女性入所/朝/欠食_flag | I1: 女性入所/朝/欠食_idx | J1: 女性入所/昼/欠食_flag | K1: 女性入所/昼/欠食_idx | L1: 女性入所/夕/欠食_flag | M1: 女性入所/夕/欠食_idx | N1: 男性GH/朝/臨時喫食_flag | O1: 男性GH/朝/臨時喫食_idx | P1: 男性GH/昼/臨時喫食_flag | Q1: 男性GH/昼/臨時喫食_idx | R1: 男性GH/夕/臨時喫食_flag | S1: 男性GH/夕/臨時喫食_idx | T1: 女性GH/朝/臨時喫食_flag | U1: 女性GH/朝/臨時喫食_idx | V1: 女性GH/昼/臨時喫食_flag | W1: 女性GH/昼/臨時喫食_idx | X1: 女性GH/夕/臨時喫食_flag | Y1: 女性GH/夕/臨時喫食_idx
B2: =IF(AND(食数記録!$A2=プレビュー!$C$3,食数記録!$B2="朝",食数記録!$F2="男性入所",食数記録!$D2="欠食"),1,0) -> 0 | C2: =IF(B2=1,SUM($B$2:B2),"") | D2: =IF(AND(食数記録!$A2=プレビュー!$C$3,食数記録!$B2="昼",食数記録!$F2="男性入所",食数記録!$D2="欠食"),1,0) -> 1 | E2: =IF(D2=1,SUM($D$2:D2),"") -> 1 | F2: =IF(AND(食数記録!$A2=プレビュー!$C$3,食数記録!$B2="夕",食数記録!$F2="男性入所",食数記録!$D2="欠食"),1,0) -> 0 | G2: =IF(F2=1,SUM($F$2:F2),"") | H2: =IF(AND(食数記録!$A2=プレビュー!$C$3,食数記録!$B2="朝",食数記録!$F2="女性入所",食数記録!$D2="欠食"),1,0) -> 0 | I2: =IF(H2=1,SUM($H$2:H2),"") | J2: =IF(AND(食数記録!$A2=プレビュー!$C$3,食数記録!$B2="昼",食数記録!$F2="女性入所",食数記録!$D2="欠食"),1,0) -> 0 | K2: =IF(J2=1,SUM($J$2:J2),"") | L2: =IF(AND(食数記録!$A2=プレビュー!$C$3,食数記録!$B2="夕",食数記録!$F2="女性入所",食数記録!$D2="欠食"),1,0) -> 0 | M2: =IF(L2=1,SUM($L$2:L2),"") | N2: =IF(AND(食数記録!$A2=プレビュー!$C$3,食数記録!$B2="朝",食数記録!$F2="男性GH",食数記録!$D2="臨時喫食"),1,0) -> 0 | O2: =IF(N2=1,SUM($N$2:N2),"") | P2: =IF(AND(食数記録!$A2=プレビュー!$C$3,食数記録!$B2="昼",食数記録!$F2="男性GH",食数記録!$D2="臨時喫食"),1,0) -> 0 | Q2: =IF(P2=1,SUM($P$2:P2),"") | R2: =IF(AND(食数記録!$A2=プレビュー!$C$3,食数記録!$B2="夕",食数記録!$F2="男性GH",食数記録!$D2="臨時喫食"),1,0) -> 0 | S2: =IF(R2=1,SUM($R$2:R2),"") | T2: =IF(AND(食数記録!$A2=プレビュー!$C$3,食数記録!$B2="朝",食数記録!$F2="女性GH",食数記録!$D2="臨時喫食"),1,0) -> 0 | U2: =IF(T2=1,SUM($T$2:T2),"") | V2: =IF(AND(食数記録!$A2=プレビュー!$C$3,食数記録!$B2="昼",食数記録!$F2="女性GH",食数記録!$D2="臨時喫食"),1,0) -> 0 | W2: =IF(V2=1,SUM($V$2:V2),"") | X2: =IF(AND(食数記録!$A2=プレビュー!$C$3,食数記録!$B2="夕",食数記録!$F2="女性GH",食数記録!$D2="臨時喫食"),1,0) -> 0 | Y2: =IF(X2=1,SUM($X$2:X2),"")
B3: =IF(AND(食数記録!$A3=プレビュー!$C$3,食数記録!$B3="朝",食数記録!$F3="男性入所",食数記録!$D3="欠食"),1,0) -> 0 | C3: =IF(B3=1,SUM($B$2:B3),"") | D3: =IF(AND(食数記録!$A3=プレビュー!$C$3,食数記録!$B3="昼",食数記録!$F3="男性入所",食数記録!$D3="欠食"),1,0) -> 0 | E3: =IF(D3=1,SUM($D$2:D3),"") | F3: =IF(AND(食数記録!$A3=プレビュー!$C$3,食数記録!$B3="夕",食数記録!$F3="男性入所",食数記録!$D3="欠食"),1,0) -> 0 | G3: =IF(F3=1,SUM($F$2:F3),"") | H3: =IF(AND(食数記録!$A3=プレビュー!$C$3,食数記録!$B3="朝",食数記録!$F3="女性入所",食数記録!$D3="欠食"),1,0) -> 1 | I3: =IF(H3=1,SUM($H$2:H3),"") -> 1 | J3: =IF(AND(食数記録!$A3=プレビュー!$C$3,食数記録!$B3="昼",食数記録!$F3="女性入所",食数記録!$D3="欠食"),1,0) -> 0 | K3: =IF(J3=1,SUM($J$2:J3),"") | L3: =IF(AND(食数記録!$A3=プレビュー!$C$3,食数記録!$B3="夕",食数記録!$F3="女性入所",食数記録!$D3="欠食"),1,0) -> 0 | M3: =IF(L3=1,SUM($L$2:L3),"") | N3: =IF(AND(食数記録!$A3=プレビュー!$C$3,食数記録!$B3="朝",食数記録!$F3="男性GH",食数記録!$D3="臨時喫食"),1,0) -> 0 | O3: =IF(N3=1,SUM($N$2:N3),"") | P3: =IF(AND(食数記録!$A3=プレビュー!$C$3,食数記録!$B3="昼",食数記録!$F3="男性GH",食数記録!$D3="臨時喫食"),1,0) -> 0 | Q3: =IF(P3=1,SUM($P$2:P3),"") | R3: =IF(AND(食数記録!$A3=プレビュー!$C$3,食数記録!$B3="夕",食数記録!$F3="男性GH",食数記録!$D3="臨時喫食"),1,0) -> 0 | S3: =IF(R3=1,SUM($R$2:R3),"") | T3: =IF(AND(食数記録!$A3=プレビュー!$C$3,食数記録!$B3="朝",食数記録!$F3="女性GH",食数記録!$D3="臨時喫食"),1,0) -> 0 | U3: =IF(T3=1,SUM($T$2:T3),"") | V3: =IF(AND(食数記録!$A3=プレビュー!$C$3,食数記録!$B3="昼",食数記録!$F3="女性GH",食数記録!$D3="臨時喫食"),1,0) -> 0 | W3: =IF(V3=1,SUM($V$2:V3),"") | X3: =IF(AND(食数記録!$A3=プレビュー!$C$3,食数記録!$B3="夕",食数記録!$F3="女性GH",食数記録!$D3="臨時喫食"),1,0) -> 0 | Y3: =IF(X3=1,SUM($X$2:X3),"")
B4: =IF(AND(食数記録!$A4=プレビュー!$C$3,食数記録!$B4="朝",食数記録!$F4="男性入所",食数記録!$D4="欠食"),1,0) -> 0 | C4: =IF(B4=1,SUM($B$2:B4),"") | D4: =IF(AND(食数記録!$A4=プレビュー!$C$3,食数記録!$B4="昼",食数記録!$F4="男性入所",食数記録!$D4="欠食"),1,0) -> 0 | E4: =IF(D4=1,SUM($D$2:D4),"") | F4: =IF(AND(食数記録!$A4=プレビュー!$C$3,食数記録!$B4="夕",食数記録!$F4="男性入所",食数記録!$D4="欠食"),1,0) -> 0 | G4: =IF(F4=1,SUM($F$2:F4),"") | H4: =IF(AND(食数記録!$A4=プレビュー!$C$3,食数記録!$B4="朝",食数記録!$F4="女性入所",食数記録!$D4="欠食"),1,0) -> 0 | I4: =IF(H4=1,SUM($H$2:H4),"") | J4: =IF(AND(食数記録!$A4=プレビュー!$C$3,食数記録!$B4="昼",食数記録!$F4="女性入所",食数記録!$D4="欠食"),1,0) -> 0 | K4: =IF(J4=1,SUM($J$2:J4),"") | L4: =IF(AND(食数記録!$A4=プレビュー!$C$3,食数記録!$B4="夕",食数記録!$F4="女性入所",食数記録!$D4="欠食"),1,0) -> 0 | M4: =IF(L4=1,SUM($L$2:L4),"") | N4: =IF(AND(食数記録!$A4=プレビュー!$C$3,食数記録!$B4="朝",食数記録!$F4="男性GH",食数記録!$D4="臨時喫食"),1,0) -> 0 | O4: =IF(N4=1,SUM($N$2:N4),"") | P4: =IF(AND(食数記録!$A4=プレビュー!$C$3,食数記録!$B4="昼",食数記録!$F4="男性GH",食数記録!$D4="臨時喫食"),1,0) -> 0 | Q4: =IF(P4=1,SUM($P$2:P4),"") | R4: =IF(AND(食数記録!$A4=プレビュー!$C$3,食数記録!$B4="夕",食数記録!$F4="男性GH",食数記録!$D4="臨時喫食"),1,0) -> 0 | S4: =IF(R4=1,SUM($R$2:R4),"") | T4: =IF(AND(食数記録!$A4=プレビュー!$C$3,食数記録!$B4="朝",食数記録!$F4="女性GH",食数記録!$D4="臨時喫食"),1,0) -> 0 | U4: =IF(T4=1,SUM($T$2:T4),"") | V4: =IF(AND(食数記録!$A4=プレビュー!$C$3,食数記録!$B4="昼",食数記録!$F4="女性GH",食数記録!$D4="臨時喫食"),1,0) -> 0 | W4: =IF(V4=1,SUM($V$2:V4),"") | X4: =IF(AND(食数記録!$A4=プレビュー!$C$3,食数記録!$B4="夕",食数記録!$F4="女性GH",食数記録!$D4="臨時喫食"),1,0) -> 0 | Y4: =IF(X4=1,SUM($X$2:X4),"")
B5: =IF(AND(食数記録!$A5=プレビュー!$C$3,食数記録!$B5="朝",食数記録!$F5="男性入所",食数記録!$D5="欠食"),1,0) -> 0 | C5: =IF(B5=1,SUM($B$2:B5),"") | D5: =IF(AND(食数記録!$A5=プレビュー!$C$3,食数記録!$B5="昼",食数記録!$F5="男性入所",食数記録!$D5="欠食"),1,0) -> 0 | E5: =IF(D5=1,SUM($D$2:D5),"") | F5: =IF(AND(食数記録!$A5=プレビュー!$C$3,食数記録!$B5="夕",食数記録!$F5="男性入所",食数記録!$D5="欠食"),1,0) -> 0 | G5: =IF(F5=1,SUM($F$2:F5),"") | H5: =IF(AND(食数記録!$A5=プレビュー!$C$3,食数記録!$B5="朝",食数記録!$F5="女性入所",食数記録!$D5="欠食"),1,0) -> 0 | I5: =IF(H5=1,SUM($H$2:H5),"") | J5: =IF(AND(食数記録!$A5=プレビュー!$C$3,食数記録!$B5="昼",食数記録!$F5="女性入所",食数記録!$D5="欠食"),1,0) -> 0 | K5: =IF(J5=1,SUM($J$2:J5),"") | L5: =IF(AND(食数記録!$A5=プレビュー!$C$3,食数記録!$B5="夕",食数記録!$F5="女性入所",食数記録!$D5="欠食"),1,0) -> 0 | M5: =IF(L5=1,SUM($L$2:L5),"") | N5: =IF(AND(食数記録!$A5=プレビュー!$C$3,食数記録!$B5="朝",食数記録!$F5="男性GH",食数記録!$D5="臨時喫食"),1,0) -> 0 | O5: =IF(N5=1,SUM($N$2:N5),"") | P5: =IF(AND(食数記録!$A5=プレビュー!$C$3,食数記録!$B5="昼",食数記録!$F5="男性GH",食数記録!$D5="臨時喫食"),1,0) -> 0 | Q5: =IF(P5=1,SUM($P$2:P5),"") | R5: =IF(AND(食数記録!$A5=プレビュー!$C$3,食数記録!$B5="夕",食数記録!$F5="男性GH",食数記録!$D5="臨時喫食"),1,0) -> 0 | S5: =IF(R5=1,SUM($R$2:R5),"") | T5: =IF(AND(食数記録!$A5=プレビュー!$C$3,食数記録!$B5="朝",食数記録!$F5="女性GH",食数記録!$D5="臨時喫食"),1,0) -> 0 | U5: =IF(T5=1,SUM($T$2:T5),"") | V5: =IF(AND(食数記録!$A5=プレビュー!$C$3,食数記録!$B5="昼",食数記録!$F5="女性GH",食数記録!$D5="臨時喫食"),1,0) -> 0 | W5: =IF(V5=1,SUM($V$2:V5),"") | X5: =IF(AND(食数記録!$A5=プレビュー!$C$3,食数記録!$B5="夕",食数記録!$F5="女性GH",食数記録!$D5="臨時喫食"),1,0) -> 0 | Y5: =IF(X5=1,SUM($X$2:X5),"")
B6: =IF(AND(食数記録!$A6=プレビュー!$C$3,食数記録!$B6="朝",食数記録!$F6="男性入所",食数記録!$D6="欠食"),1,0) -> 0 | C6: =IF(B6=1,SUM($B$2:B6),"") | D6: =IF(AND(食数記録!$A6=プレビュー!$C$3,食数記録!$B6="昼",食数記録!$F6="男性入所",食数記録!$D6="欠食"),1,0) -> 0 | E6: =IF(D6=1,SUM($D$2:D6),"") | F6: =IF(AND(食数記録!$A6=プレビュー!$C$3,食数記録!$B6="夕",食数記録!$F6="男性入所",食数記録!$D6="欠食"),1,0) -> 0 | G6: =IF(F6=1,SUM($F$2:F6),"") | H6: =IF(AND(食数記録!$A6=プレビュー!$C$3,食数記録!$B6="朝",食数記録!$F6="女性入所",食数記録!$D6="欠食"),1,0) -> 0 | I6: =IF(H6=1,SUM($H$2:H6),"") | J6: =IF(AND(食数記録!$A6=プレビュー!$C$3,食数記録!$B6="昼",食数記録!$F6="女性入所",食数記録!$D6="欠食"),1,0) -> 0 | K6: =IF(J6=1,SUM($J$2:J6),"") | L6: =IF(AND(食数記録!$A6=プレビュー!$C$3,食数記録!$B6="夕",食数記録!$F6="女性入所",食数記録!$D6="欠食"),1,0) -> 0 | M6: =IF(L6=1,SUM($L$2:L6),"") | N6: =IF(AND(食数記録!$A6=プレビュー!$C$3,食数記録!$B6="朝",食数記録!$F6="男性GH",食数記録!$D6="臨時喫食"),1,0) -> 0 | O6: =IF(N6=1,SUM($N$2:N6),"") | P6: =IF(AND(食数記録!$A6=プレビュー!$C$3,食数記録!$B6="昼",食数記録!$F6="男性GH",食数記録!$D6="臨時喫食"),1,0) -> 0 | Q6: =IF(P6=1,SUM($P$2:P6),"") | R6: =IF(AND(食数記録!$A6=プレビュー!$C$3,食数記録!$B6="夕",食数記録!$F6="男性GH",食数記録!$D6="臨時喫食"),1,0) -> 0 | S6: =IF(R6=1,SUM($R$2:R6),"") | T6: =IF(AND(食数記録!$A6=プレビュー!$C$3,食数記録!$B6="朝",食数記録!$F6="女性GH",食数記録!$D6="臨時喫食"),1,0) -> 0 | U6: =IF(T6=1,SUM($T$2:T6),"") | V6: =IF(AND(食数記録!$A6=プレビュー!$C$3,食数記録!$B6="昼",食数記録!$F6="女性GH",食数記録!$D6="臨時喫食"),1,0) -> 0 | W6: =IF(V6=1,SUM($V$2:V6),"") | X6: =IF(AND(食数記録!$A6=プレビュー!$C$3,食数記録!$B6="夕",食数記録!$F6="女性GH",食数記録!$D6="臨時喫食"),1,0) -> 0 | Y6: =IF(X6=1,SUM($X$2:X6),"")
B7: =IF(AND(食数記録!$A7=プレビュー!$C$3,食数記録!$B7="朝",食数記録!$F7="男性入所",食数記録!$D7="欠食"),1,0) -> 0 | C7: =IF(B7=1,SUM($B$2:B7),"") | D7: =IF(AND(食数記録!$A7=プレビュー!$C$3,食数記録!$B7="昼",食数記録!$F7="男性入所",食数記録!$D7="欠食"),1,0) -> 0 | E7: =IF(D7=1,SUM($D$2:D7),"") | F7: =IF(AND(食数記録!$A7=プレビュー!$C$3,食数記録!$B7="夕",食数記録!$F7="男性入所",食数記録!$D7="欠食"),1,0) -> 0 | G7: =IF(F7=1,SUM($F$2:F7),"") | H7: =IF(AND(食数記録!$A7=プレビュー!$C$3,食数記録!$B7="朝",食数記録!$F7="女性入所",食数記録!$D7="欠食"),1,0) -> 0 | I7: =IF(H7=1,SUM($H$2:H7),"") | J7: =IF(AND(食数記録!$A7=プレビュー!$C$3,食数記録!$B7="昼",食数記録!$F7="女性入所",食数記録!$D7="欠食"),1,0) -> 0 | K7: =IF(J7=1,SUM($J$2:J7),"") | L7: =IF(AND(食数記録!$A7=プレビュー!$C$3,食数記録!$B7="夕",食数記録!$F7="女性入所",食数記録!$D7="欠食"),1,0) -> 0 | M7: =IF(L7=1,SUM($L$2:L7),"") | N7: =IF(AND(食数記録!$A7=プレビュー!$C$3,食数記録!$B7="朝",食数記録!$F7="男性GH",食数記録!$D7="臨時喫食"),1,0) -> 0 | O7: =IF(N7=1,SUM($N$2:N7),"") | P7: =IF(AND(食数記録!$A7=プレビュー!$C$3,食数記録!$B7="昼",食数記録!$F7="男性GH",食数記録!$D7="臨時喫食"),1,0) -> 0 | Q7: =IF(P7=1,SUM($P$2:P7),"") | R7: =IF(AND(食数記録!$A7=プレビュー!$C$3,食数記録!$B7="夕",食数記録!$F7="男性GH",食数記録!$D7="臨時喫食"),1,0) -> 0 | S7: =IF(R7=1,SUM($R$2:R7),"") | T7: =IF(AND(食数記録!$A7=プレビュー!$C$3,食数記録!$B7="朝",食数記録!$F7="女性GH",食数記録!$D7="臨時喫食"),1,0) -> 0 | U7: =IF(T7=1,SUM($T$2:T7),"") | V7: =IF(AND(食数記録!$A7=プレビュー!$C$3,食数記録!$B7="昼",食数記録!$F7="女性GH",食数記録!$D7="臨時喫食"),1,0) -> 0 | W7: =IF(V7=1,SUM($V$2:V7),"") | X7: =IF(AND(食数記録!$A7=プレビュー!$C$3,食数記録!$B7="夕",食数記録!$F7="女性GH",食数記録!$D7="臨時喫食"),1,0) -> 0 | Y7: =IF(X7=1,SUM($X$2:X7),"")
B8: =IF(AND(食数記録!$A8=プレビュー!$C$3,食数記録!$B8="朝",食数記録!$F8="男性入所",食数記録!$D8="欠食"),1,0) -> 0 | C8: =IF(B8=1,SUM($B$2:B8),"") | D8: =IF(AND(食数記録!$A8=プレビュー!$C$3,食数記録!$B8="昼",食数記録!$F8="男性入所",食数記録!$D8="欠食"),1,0) -> 0 | E8: =IF(D8=1,SUM($D$2:D8),"") | F8: =IF(AND(食数記録!$A8=プレビュー!$C$3,食数記録!$B8="夕",食数記録!$F8="男性入所",食数記録!$D8="欠食"),1,0) -> 0 | G8: =IF(F8=1,SUM($F$2:F8),"") | H8: =IF(AND(食数記録!$A8=プレビュー!$C$3,食数記録!$B8="朝",食数記録!$F8="女性入所",食数記録!$D8="欠食"),1,0) -> 0 | I8: =IF(H8=1,SUM($H$2:H8),"") | J8: =IF(AND(食数記録!$A8=プレビュー!$C$3,食数記録!$B8="昼",食数記録!$F8="女性入所",食数記録!$D8="欠食"),1,0) -> 0 | K8: =IF(J8=1,SUM($J$2:J8),"") | L8: =IF(AND(食数記録!$A8=プレビュー!$C$3,食数記録!$B8="夕",食数記録!$F8="女性入所",食数記録!$D8="欠食"),1,0) -> 0 | M8: =IF(L8=1,SUM($L$2:L8),"") | N8: =IF(AND(食数記録!$A8=プレビュー!$C$3,食数記録!$B8="朝",食数記録!$F8="男性GH",食数記録!$D8="臨時喫食"),1,0) -> 0 | O8: =IF(N8=1,SUM($N$2:N8),"") | P8: =IF(AND(食数記録!$A8=プレビュー!$C$3,食数記録!$B8="昼",食数記録!$F8="男性GH",食数記録!$D8="臨時喫食"),1,0) -> 0 | Q8: =IF(P8=1,SUM($P$2:P8),"") | R8: =IF(AND(食数記録!$A8=プレビュー!$C$3,食数記録!$B8="夕",食数記録!$F8="男性GH",食数記録!$D8="臨時喫食"),1,0) -> 0 | S8: =IF(R8=1,SUM($R$2:R8),"") | T8: =IF(AND(食数記録!$A8=プレビュー!$C$3,食数記録!$B8="朝",食数記録!$F8="女性GH",食数記録!$D8="臨時喫食"),1,0) -> 0 | U8: =IF(T8=1,SUM($T$2:T8),"") | V8: =IF(AND(食数記録!$A8=プレビュー!$C$3,食数記録!$B8="昼",食数記録!$F8="女性GH",食数記録!$D8="臨時喫食"),1,0) -> 0 | W8: =IF(V8=1,SUM($V$2:V8),"") | X8: =IF(AND(食数記録!$A8=プレビュー!$C$3,食数記録!$B8="夕",食数記録!$F8="女性GH",食数記録!$D8="臨時喫食"),1,0) -> 0 | Y8: =IF(X8=1,SUM($X$2:X8),"")
B9: =IF(AND(食数記録!$A9=プレビュー!$C$3,食数記録!$B9="朝",食数記録!$F9="男性入所",食数記録!$D9="欠食"),1,0) -> 0 | C9: =IF(B9=1,SUM($B$2:B9),"") | D9: =IF(AND(食数記録!$A9=プレビュー!$C$3,食数記録!$B9="昼",食数記録!$F9="男性入所",食数記録!$D9="欠食"),1,0) -> 0 | E9: =IF(D9=1,SUM($D$2:D9),"") | F9: =IF(AND(食数記録!$A9=プレビュー!$C$3,食数記録!$B9="夕",食数記録!$F9="男性入所",食数記録!$D9="欠食"),1,0) -> 0 | G9: =IF(F9=1,SUM($F$2:F9),"") | H9: =IF(AND(食数記録!$A9=プレビュー!$C$3,食数記録!$B9="朝",食数記録!$F9="女性入所",食数記録!$D9="欠食"),1,0) -> 0 | I9: =IF(H9=1,SUM($H$2:H9),"") | J9: =IF(AND(食数記録!$A9=プレビュー!$C$3,食数記録!$B9="昼",食数記録!$F9="女性入所",食数記録!$D9="欠食"),1,0) -> 0 | K9: =IF(J9=1,SUM($J$2:J9),"") | L9: =IF(AND(食数記録!$A9=プレビュー!$C$3,食数記録!$B9="夕",食数記録!$F9="女性入所",食数記録!$D9="欠食"),1,0) -> 0 | M9: =IF(L9=1,SUM($L$2:L9),"") | N9: =IF(AND(食数記録!$A9=プレビュー!$C$3,食数記録!$B9="朝",食数記録!$F9="男性GH",食数記録!$D9="臨時喫食"),1,0) -> 0 | O9: =IF(N9=1,SUM($N$2:N9),"") | P9: =IF(AND(食数記録!$A9=プレビュー!$C$3,食数記録!$B9="昼",食数記録!$F9="男性GH",食数記録!$D9="臨時喫食"),1,0) -> 0 | Q9: =IF(P9=1,SUM($P$2:P9),"") | R9: =IF(AND(食数記録!$A9=プレビュー!$C$3,食数記録!$B9="夕",食数記録!$F9="男性GH",食数記録!$D9="臨時喫食"),1,0) -> 0 | S9: =IF(R9=1,SUM($R$2:R9),"") | T9: =IF(AND(食数記録!$A9=プレビュー!$C$3,食数記録!$B9="朝",食数記録!$F9="女性GH",食数記録!$D9="臨時喫食"),1,0) -> 0 | U9: =IF(T9=1,SUM($T$2:T9),"") | V9: =IF(AND(食数記録!$A9=プレビュー!$C$3,食数記録!$B9="昼",食数記録!$F9="女性GH",食数記録!$D9="臨時喫食"),1,0) -> 0 | W9: =IF(V9=1,SUM($V$2:V9),"") | X9: =IF(AND(食数記録!$A9=プレビュー!$C$3,食数記録!$B9="夕",食数記録!$F9="女性GH",食数記録!$D9="臨時喫食"),1,0) -> 0 | Y9: =IF(X9=1,SUM($X$2:X9),"")
B10: =IF(AND(食数記録!$A10=プレビュー!$C$3,食数記録!$B10="朝",食数記録!$F10="男性入所",食数記録!$D10="欠食"),1,0) -> 0 | C10: =IF(B10=1,SUM($B$2:B10),"") | D10: =IF(AND(食数記録!$A10=プレビュー!$C$3,食数記録!$B10="昼",食数記録!$F10="男性入所",食数記録!$D10="欠食"),1,0) -> 0 | E10: =IF(D10=1,SUM($D$2:D10),"") | F10: =IF(AND(食数記録!$A10=プレビュー!$C$3,食数記録!$B10="夕",食数記録!$F10="男性入所",食数記録!$D10="欠食"),1,0) -> 0 | G10: =IF(F10=1,SUM($F$2:F10),"") | H10: =IF(AND(食数記録!$A10=プレビュー!$C$3,食数記録!$B10="朝",食数記録!$F10="女性入所",食数記録!$D10="欠食"),1,0) -> 0 | I10: =IF(H10=1,SUM($H$2:H10),"") | J10: =IF(AND(食数記録!$A10=プレビュー!$C$3,食数記録!$B10="昼",食数記録!$F10="女性入所",食数記録!$D10="欠食"),1,0) -> 0 | K10: =IF(J10=1,SUM($J$2:J10),"") | L10: =IF(AND(食数記録!$A10=プレビュー!$C$3,食数記録!$B10="夕",食数記録!$F10="女性入所",食数記録!$D10="欠食"),1,0) -> 0 | M10: =IF(L10=1,SUM($L$2:L10),"") | N10: =IF(AND(食数記録!$A10=プレビュー!$C$3,食数記録!$B10="朝",食数記録!$F10="男性GH",食数記録!$D10="臨時喫食"),1,0) -> 0 | O10: =IF(N10=1,SUM($N$2:N10),"") | P10: =IF(AND(食数記録!$A10=プレビュー!$C$3,食数記録!$B10="昼",食数記録!$F10="男性GH",食数記録!$D10="臨時喫食"),1,0) -> 0 | Q10: =IF(P10=1,SUM($P$2:P10),"") | R10: =IF(AND(食数記録!$A10=プレビュー!$C$3,食数記録!$B10="夕",食数記録!$F10="男性GH",食数記録!$D10="臨時喫食"),1,0) -> 0 | S10: =IF(R10=1,SUM($R$2:R10),"") | T10: =IF(AND(食数記録!$A10=プレビュー!$C$3,食数記録!$B10="朝",食数記録!$F10="女性GH",食数記録!$D10="臨時喫食"),1,0) -> 0 | U10: =IF(T10=1,SUM($T$2:T10),"") | V10: =IF(AND(食数記録!$A10=プレビュー!$C$3,食数記録!$B10="昼",食数記録!$F10="女性GH",食数記録!$D10="臨時喫食"),1,0) -> 0 | W10: =IF(V10=1,SUM($V$2:V10),"") | X10: =IF(AND(食数記録!$A10=プレビュー!$C$3,食数記録!$B10="夕",食数記録!$F10="女性GH",食数記録!$D10="臨時喫食"),1,0) -> 0 | Y10: =IF(X10=1,SUM($X$2:X10),"")
B11: =IF(AND(食数記録!$A11=プレビュー!$C$3,食数記録!$B11="朝",食数記録!$F11="男性入所",食数記録!$D11="欠食"),1,0) -> 0 | C11: =IF(B11=1,SUM($B$2:B11),"") | D11: =IF(AND(食数記録!$A11=プレビュー!$C$3,食数記録!$B11="昼",食数記録!$F11="男性入所",食数記録!$D11="欠食"),1,0) -> 0 | E11: =IF(D11=1,SUM($D$2:D11),"") | F11: =IF(AND(食数記録!$A11=プレビュー!$C$3,食数記録!$B11="夕",食数記録!$F11="男性入所",食数記録!$D11="欠食"),1,0) -> 0 | G11: =IF(F11=1,SUM($F$2:F11),"") | H11: =IF(AND(食数記録!$A11=プレビュー!$C$3,食数記録!$B11="朝",食数記録!$F11="女性入所",食数記録!$D11="欠食"),1,0) -> 0 | I11: =IF(H11=1,SUM($H$2:H11),"") | J11: =IF(AND(食数記録!$A11=プレビュー!$C$3,食数記録!$B11="昼",食数記録!$F11="女性入所",食数記録!$D11="欠食"),1,0) -> 0 | K11: =IF(J11=1,SUM($J$2:J11),"") | L11: =IF(AND(食数記録!$A11=プレビュー!$C$3,食数記録!$B11="夕",食数記録!$F11="女性入所",食数記録!$D11="欠食"),1,0) -> 0 | M11: =IF(L11=1,SUM($L$2:L11),"") | N11: =IF(AND(食数記録!$A11=プレビュー!$C$3,食数記録!$B11="朝",食数記録!$F11="男性GH",食数記録!$D11="臨時喫食"),1,0) -> 0 | O11: =IF(N11=1,SUM($N$2:N11),"") | P11: =IF(AND(食数記録!$A11=プレビュー!$C$3,食数記録!$B11="昼",食数記録!$F11="男性GH",食数記録!$D11="臨時喫食"),1,0) -> 0 | Q11: =IF(P11=1,SUM($P$2:P11),"") | R11: =IF(AND(食数記録!$A11=プレビュー!$C$3,食数記録!$B11="夕",食数記録!$F11="男性GH",食数記録!$D11="臨時喫食"),1,0) -> 0 | S11: =IF(R11=1,SUM($R$2:R11),"") | T11: =IF(AND(食数記録!$A11=プレビュー!$C$3,食数記録!$B11="朝",食数記録!$F11="女性GH",食数記録!$D11="臨時喫食"),1,0) -> 0 | U11: =IF(T11=1,SUM($T$2:T11),"") | V11: =IF(AND(食数記録!$A11=プレビュー!$C$3,食数記録!$B11="昼",食数記録!$F11="女性GH",食数記録!$D11="臨時喫食"),1,0) -> 0 | W11: =IF(V11=1,SUM($V$2:V11),"") | X11: =IF(AND(食数記録!$A11=プレビュー!$C$3,食数記録!$B11="夕",食数記録!$F11="女性GH",食数記録!$D11="臨時喫食"),1,0) -> 0 | Y11: =IF(X11=1,SUM($X$2:X11),"")
B12: =IF(AND(食数記録!$A12=プレビュー!$C$3,食数記録!$B12="朝",食数記録!$F12="男性入所",食数記録!$D12="欠食"),1,0) -> 0 | C12: =IF(B12=1,SUM($B$2:B12),"") | D12: =IF(AND(食数記録!$A12=プレビュー!$C$3,食数記録!$B12="昼",食数記録!$F12="男性入所",食数記録!$D12="欠食"),1,0) -> 0 | E12: =IF(D12=1,SUM($D$2:D12),"") | F12: =IF(AND(食数記録!$A12=プレビュー!$C$3,食数記録!$B12="夕",食数記録!$F12="男性入所",食数記録!$D12="欠食"),1,0) -> 0 | G12: =IF(F12=1,SUM($F$2:F12),"") | H12: =IF(AND(食数記録!$A12=プレビュー!$C$3,食数記録!$B12="朝",食数記録!$F12="女性入所",食数記録!$D12="欠食"),1,0) -> 0 | I12: =IF(H12=1,SUM($H$2:H12),"") | J12: =IF(AND(食数記録!$A12=プレビュー!$C$3,食数記録!$B12="昼",食数記録!$F12="女性入所",食数記録!$D12="欠食"),1,0) -> 0 | K12: =IF(J12=1,SUM($J$2:J12),"") | L12: =IF(AND(食数記録!$A12=プレビュー!$C$3,食数記録!$B12="夕",食数記録!$F12="女性入所",食数記録!$D12="欠食"),1,0) -> 0 | M12: =IF(L12=1,SUM($L$2:L12),"") | N12: =IF(AND(食数記録!$A12=プレビュー!$C$3,食数記録!$B12="朝",食数記録!$F12="男性GH",食数記録!$D12="臨時喫食"),1,0) -> 0 | O12: =IF(N12=1,SUM($N$2:N12),"") | P12: =IF(AND(食数記録!$A12=プレビュー!$C$3,食数記録!$B12="昼",食数記録!$F12="男性GH",食数記録!$D12="臨時喫食"),1,0) -> 0 | Q12: =IF(P12=1,SUM($P$2:P12),"") | R12: =IF(AND(食数記録!$A12=プレビュー!$C$3,食数記録!$B12="夕",食数記録!$F12="男性GH",食数記録!$D12="臨時喫食"),1,0) -> 0 | S12: =IF(R12=1,SUM($R$2:R12),"") | T12: =IF(AND(食数記録!$A12=プレビュー!$C$3,食数記録!$B12="朝",食数記録!$F12="女性GH",食数記録!$D12="臨時喫食"),1,0) -> 0 | U12: =IF(T12=1,SUM($T$2:T12),"") | V12: =IF(AND(食数記録!$A12=プレビュー!$C$3,食数記録!$B12="昼",食数記録!$F12="女性GH",食数記録!$D12="臨時喫食"),1,0) -> 0 | W12: =IF(V12=1,SUM($V$2:V12),"") | X12: =IF(AND(食数記録!$A12=プレビュー!$C$3,食数記録!$B12="夕",食数記録!$F12="女性GH",食数記録!$D12="臨時喫食"),1,0) -> 0 | Y12: =IF(X12=1,SUM($X$2:X12),"")
B13: =IF(AND(食数記録!$A13=プレビュー!$C$3,食数記録!$B13="朝",食数記録!$F13="男性入所",食数記録!$D13="欠食"),1,0) -> 0 | C13: =IF(B13=1,SUM($B$2:B13),"") | D13: =IF(AND(食数記録!$A13=プレビュー!$C$3,食数記録!$B13="昼",食数記録!$F13="男性入所",食数記録!$D13="欠食"),1,0) -> 0 | E13: =IF(D13=1,SUM($D$2:D13),"") | F13: =IF(AND(食数記録!$A13=プレビュー!$C$3,食数記録!$B13="夕",食数記録!$F13="男性入所",食数記録!$D13="欠食"),1,0) -> 0 | G13: =IF(F13=1,SUM($F$2:F13),"") | H13: =IF(AND(食数記録!$A13=プレビュー!$C$3,食数記録!$B13="朝",食数記録!$F13="女性入所",食数記録!$D13="欠食"),1,0) -> 0 | I13: =IF(H13=1,SUM($H$2:H13),"") | J13: =IF(AND(食数記録!$A13=プレビュー!$C$3,食数記録!$B13="昼",食数記録!$F13="女性入所",食数記録!$D13="欠食"),1,0) -> 0 | K13: =IF(J13=1,SUM($J$2:J13),"") | L13: =IF(AND(食数記録!$A13=プレビュー!$C$3,食数記録!$B13="夕",食数記録!$F13="女性入所",食数記録!$D13="欠食"),1,0) -> 0 | M13: =IF(L13=1,SUM($L$2:L13),"") | N13: =IF(AND(食数記録!$A13=プレビュー!$C$3,食数記録!$B13="朝",食数記録!$F13="男性GH",食数記録!$D13="臨時喫食"),1,0) -> 0 | O13: =IF(N13=1,SUM($N$2:N13),"") | P13: =IF(AND(食数記録!$A13=プレビュー!$C$3,食数記録!$B13="昼",食数記録!$F13="男性GH",食数記録!$D13="臨時喫食"),1,0) -> 0 | Q13: =IF(P13=1,SUM($P$2:P13),"") | R13: =IF(AND(食数記録!$A13=プレビュー!$C$3,食数記録!$B13="夕",食数記録!$F13="男性GH",食数記録!$D13="臨時喫食"),1,0) -> 0 | S13: =IF(R13=1,SUM($R$2:R13),"") | T13: =IF(AND(食数記録!$A13=プレビュー!$C$3,食数記録!$B13="朝",食数記録!$F13="女性GH",食数記録!$D13="臨時喫食"),1,0) -> 0 | U13: =IF(T13=1,SUM($T$2:T13),"") | V13: =IF(AND(食数記録!$A13=プレビュー!$C$3,食数記録!$B13="昼",食数記録!$F13="女性GH",食数記録!$D13="臨時喫食"),1,0) -> 0 | W13: =IF(V13=1,SUM($V$2:V13),"") | X13: =IF(AND(食数記録!$A13=プレビュー!$C$3,食数記録!$B13="夕",食数記録!$F13="女性GH",食数記録!$D13="臨時喫食"),1,0) -> 0 | Y13: =IF(X13=1,SUM($X$2:X13),"")
... B500: =IF(AND(食数記録!$A500=プレビュー!$C$3,食数記録!$B500="朝",食数記録!$F500="男性入所",食数記録!$D500="欠食"),1,0) -> 0 | C500: =IF(B500=1,SUM($B$2:B500),"") | D500: =IF(AND(食数記録!$A500=プレビュー!$C$3,食数記録!$B500="昼",食数記録!$F500="男性入所",食数記録!$D500="欠食"),1,0) -> 0 | E500: =IF(D500=1,SUM($D$2:D500),"") | F500: =IF(AND(食数記録!$A500=プレビュー!$C$3,食数記録!$B500="夕",食数記録!$F500="男性入所",食数記録!$D500="欠食"),1,0) -> 0 | G500: =IF(F500=1,SUM($F$2:F500),"") | H500: =IF(AND(食数記録!$A500=プレビュー!$C$3,食数記録!$B500="朝",食数記録!$F500="女性入所",食数記録!$D500="欠食"),1,0) -> 0 | I500: =IF(H500=1,SUM($H$2:H500),"") | J500: =IF(AND(食数記録!$A500=プレビュー!$C$3,食数記録!$B500="昼",食数記録!$F500="女性入所",食数記録!$D500="欠食"),1,0) -> 0 | K500: =IF(J500=1,SUM($J$2:J500),"") | L500: =IF(AND(食数記録!$A500=プレビュー!$C$3,食数記録!$B500="夕",食数記録!$F500="女性入所",食数記録!$D500="欠食"),1,0) -> 0 | M500: =IF(L500=1,SUM($L$2:L500),"") | N500: =IF(AND(食数記録!$A500=プレビュー!$C$3,食数記録!$B500="朝",食数記録!$F500="男性GH",食数記録!$D500="臨時喫食"),1,0) -> 0 | O500: =IF(N500=1,SUM($N$2:N500),"") | P500: =IF(AND(食数記録!$A500=プレビュー!$C$3,食数記録!$B500="昼",食数記録!$F500="男性GH",食数記録!$D500="臨時喫食"),1,0) -> 0 | Q500: =IF(P500=1,SUM($P$2:P500),"") | R500: =IF(AND(食数記録!$A500=プレビュー!$C$3,食数記録!$B500="夕",食数記録!$F500="男性GH",食数記録!$D500="臨時喫食"),1,0) -> 0 | S500: =IF(R500=1,SUM($R$2:R500),"") | T500: =IF(AND(食数記録!$A500=プレビュー!$C$3,食数記録!$B500="朝",食数記録!$F500="女性GH",食数記録!$D500="臨時喫食"),1,0) -> 0 | U500: =IF(T500=1,SUM($T$2:T500),"") | V500: =IF(AND(食数記録!$A500=プレビュー!$C$3,食数記録!$B500="昼",食数記録!$F500="女性GH",食数記録!$D500="臨時喫食"),1,0) -> 0 | W500: =IF(V500=1,SUM($V$2:V500),"") | X500: =IF(AND(食数記録!$A500=プレビュー!$C$3,食数記録!$B500="夕",食数記録!$F500="女性GH",食数記録!$D500="臨時喫食"),1,0) -> 0 | Y500: =IF(X500=1,SUM($X$2:X500),"")
